element_start,herostory_abomination_origin_2,ActorDataClass
m_Tags,abomination_origin_2,hero_story,no_dd_weak,
m_Size,1,
m_IsTickTriggerValid,True,
m_IsStallInvalidating,True,
m_NameOverrideId,abomination,
element_end
element_start,herostory_abomination_origin_2,ActorDataStats
key_map,health_max,speed,stress_max,deaths_door_chance,speed_number_of_turns,
add_stats,30,4,10,1,2,
sub_stat,resistance,stun,0.2,
sub_stat,resistance,blight,0.2,
sub_stat,resistance,bleed,0.1,
sub_stat,resistance,burn,0.1,
sub_stat,resistance,disease,0.2,
sub_stat,resistance,move,0.2,
sub_stat,resistance,debuff,0.2,
sub_stat,resistance,death,0.6,
element_end
element_start,herostory_abomination_origin_2,ActorDataEffects
spawn_effects,add_1_plot_armor,add_1_logic_a,
combat_start_effects,herostory_abm_2_bark_combat_start,
turn_start_effects,herostory_abm_2_bark_low_stress,herostory_abm_2_bark_med_stress,herostory_abm_2_bark_high_stress,
turn_start_apply_limit_effects,abm_2_step_count_0_to_1,abm_2_step_count_1_to_2,abm_2_step_count_2_to_3,
turn_start_apply_limit,1,
deaths_door_exit_effects,add_1_plot_armor,
element_end
element_start,abm_2_transform,ActorDataSkill
m_IsFriendly,True,
m_IsFriendlySelfTargetValid,True,
launch_ranks,1,2,3,4,
m_IsMultiHit,False,
m_AllConditionIds,performer_has_1_logic_b,
m_AverageRankIgnored,False,
m_IsForced,True,
m_IsBlockPass,True,
m_Tags,hide,abm_2_transform,
m_HideIfNotValid,True,
m_IsTokenViewVisible,False,
m_Type,start_round,
m_IsBlockPass,True,
m_IsStallInvalidating,False,
element_end
element_start,abm_2_transform,ActorDataEffects
performer_effects,abm2_transform,extra_action,herostory_abm_2_bark_transformed,
enemy_team_effects,add_1_stun_nr,
element_end
element_start,abm_2_manacles,ActorDataSkill
m_IsFriendly,False,
launch_ranks,1,2,3,4,
target_ranks,3,4,
m_IsMultiHit,False,
m_CanBeRiposted,True,
m_AverageRankIgnored,False,
m_ValidActOutTypes,skill_before,skill_after,skill_additional,
m_Tags,ranged,abm_2_manacles,
m_IsTokenViewVisible,False,
m_IsBlockPass,True,
m_IsStallInvalidating,False,
element_end
element_start,abm_2_manacles,ActorDataStats
key_map,health_damage,health_damage_range,crit_chance,
add_stats,1,1,0,
element_end
element_start,abm_2_manacles,ActorDataEffects
target_effects,move_pull_1,prime_combo,
element_end
element_start,abm_2_absolution,ActorDataSkill
m_IsFriendly,True,
m_IsFriendlySelfTargetValid,True,
launch_ranks,1,2,3,4,
m_IsMultiHit,False,
m_Cooldown,1,
m_AllConditionIds,round_count_greater_than_1_vis,
m_AverageRankIgnored,False,
m_Tags,abm_2_absolution,
m_IsTokenViewVisible,False,
m_IsBlockPass,True,
m_IsStallInvalidating,False,
element_end
element_start,abm_2_absolution,ActorDataEffects
performer_effects,heal_10pct,stress_heal_3,
element_end
element_start,abm_2_cuff,ActorDataSkill
m_IsFriendly,False,
launch_ranks,1,2,3,4,
target_ranks,1,2,
m_IsMultiHit,False,
m_CanBeRiposted,True,
m_AverageRankIgnored,False,
m_ValidActOutTypes,skill_before,skill_after,skill_additional,
m_Tags,melee,abm_2_cuff,
m_IsTokenViewVisible,False,
m_IsBlockPass,True,
m_IsStallInvalidating,False,
element_end
element_start,abm_2_cuff,ActorDataStats
key_map,health_damage,health_damage_range,crit_chance,
add_stats,2,1,0,
element_end
element_start,abm_2_cuff,ActorDataEffects
target_effects,move_knockback_1,combo_add_1_stun,end_combo,
element_end
