element_start,abomination,ActorDataExternalBuffs
buffs,abm_kingdoms_buff_1,abm_kingdoms_buff_2,abm_kingdoms_buff_3,abm_kingdoms_buff_4,abm_kingdoms_buff_5,
element_end
element_start,abomination,ActorDataEffects
respawn_effects,respawn_add_quirk,respawn_remove_unlock,temp_kingdom_roster_buff,
element_end
element_start,abm_kingdoms_buff_1,Buff
m_DurationType,infinite,
m_UnlockId,kingdom_hero_upgrade_1,
m_Tags,character_sheet_condition,
element_end
element_start,abm_kingdoms_buff_1,ActorDataStats
sub_stat,resistance,death,0.1,
sub_stat,resistance,blight,0.1,
sub_stat,resistance,move,0.1,
add_stat,wound_percent_max,-0.1,
element_end
element_start,abm_kingdoms_buff_2,Buff
m_DurationType,infinite,
m_UnlockId,kingdom_hero_upgrade_2,
m_Tags,character_sheet_condition,
element_end
element_start,abm_kingdoms_buff_2,ActorDataStats
sub_stat,resistance_ignore,move,0.1,
element_end
element_start,abm_kingdoms_buff_3,Buff
m_DurationType,infinite,
m_UnlockId,kingdom_hero_upgrade_3,
m_Tags,character_sheet_condition,
element_end
element_start,abm_kingdoms_buff_3,ActorDataStats
sub_stat,resistance,death,0.05,
sub_stat,resistance,bleed,0.1,
add_stat,wound_percent_max,-0.1,
element_end
element_start,abm_kingdoms_buff_4,Buff
m_DurationType,infinite,
m_UnlockId,kingdom_hero_upgrade_4,
m_Tags,character_sheet_condition,
element_end
element_start,abm_kingdoms_buff_4,ActorDataStats
sub_stat,resistance_ignore,move,0.1,
element_end
element_start,abm_kingdoms_buff_5,Buff
m_DurationType,infinite,
m_ConditionId,performer_has_multiple_stress,
m_UnlockId,kingdom_hero_upgrade_5,
m_Tags,character_sheet_condition,
element_end
element_start,abm_kingdoms_buff_5,ActorDataStats
sub_stat,resistance,bleed,0.05,
sub_stat,resistance,blight,0.05,
sub_stat,resistance,burn,0.05,
sub_stat,resistance,stun,0.05,
sub_stat,resistance,move,0.05,
element_end
