element_start,road_catacombs_rewards_all,LootTable
m_chances,1,1,
m_qtys,1,1,
m_ids,confessions_road_catacombs_rewards,kingdoms_road_catacombs_rewards,
m_types,all_sub_table,all_sub_table,
m_tags,
m_conditions,is_confessions,is_kingdoms,
element_end
element_start,confessions_road_catacombs_rewards,LootTable
m_chances,1,1,1,1,
m_qtys,1,1,1,1,
m_ids,confessions_road_rewards_hero_point,confessions_road_rewards_relics,confessions_road_rewards_baubles,shared_catacombs_rewards_unique_chc,
m_types,sub_table,sub_table,sub_table,sub_table,
m_tags,
m_conditions,
element_end
element_start,kingdoms_road_catacombs_rewards,LootTable
m_chances,1,1,1,1,1,1,
m_qtys,1,1,1,1,1,1,
m_ids,kingdoms_road_rewards_hero_point,kingdoms_road_rewards_relics,kingdoms_road_rewards_baubles,kingdoms_resistance_rewards_construction_currency,biome_reward,shared_catacombs_rewards_unique_chc,
m_types,sub_table,sub_table,sub_table,sub_table,biome_reward,sub_table,
m_tags,
m_conditions,
element_end
element_start,resistance_catacombs_rewards_all,LootTable
m_chances,1,1,
m_qtys,1,1,
m_ids,confessions_resistance_catacombs_rewards,kingdoms_resistance_catacombs_rewards,
m_types,all_sub_table,all_sub_table,
m_tags,
m_conditions,is_confessions,is_kingdoms,
element_end
element_start,confessions_resistance_catacombs_rewards,LootTable
m_chances,1,1,1,1,1,
m_qtys,1,1,1,1,1,
m_ids,DOOM_MINUS_ONE,confessions_resistance_rewards_hero_point,confessions_resistance_rewards_relics,confessions_resistance_rewards_baubles,shared_catacombs_rewards_unique,
m_types,sub_table,sub_table,sub_table,sub_table,sub_table,
m_tags,
m_conditions,
element_end
element_start,kingdoms_resistance_catacombs_rewards,LootTable
m_chances,1,1,1,1,1,1,
m_qtys,1,1,1,1,1,1,
m_ids,kingdoms_resistance_rewards_hero_point,kingdoms_resistance_rewards_relics,kingdoms_resistance_rewards_baubles,kingdoms_resistance_rewards_construction_currency,biome_reward,shared_catacombs_rewards_unique_chc,
m_types,sub_table,sub_table,sub_table,sub_table,biome_reward,sub_table,
m_tags,
m_conditions,
element_end
element_start,rough_patch_shared_rewards,LootTable
m_chances,1,
m_qtys,1,
m_ids,road_catacombs_rewards_all,
m_types,sub_table,
m_conditions,catacombs_biome_check,
element_end
element_start,hazard_shared_rewards,LootTable
m_chances,1,
m_qtys,1,
m_ids,road_catacombs_rewards_all,
m_types,sub_table,
m_conditions,catacombs_biome_check,
element_end
element_start,shared_catacombs_rewards_trinket_chc,LootTable
m_chances,3,3,
m_qtys,1,0,
m_ids,shared_catacombs_rewards_trinket,nothing,
m_types,sub_table,nothing,
m_tags,TRINKET_CHC,
m_conditions,
element_end
element_start,shared_catacombs_rewards_trinket,LootTable
m_chances,2,1,1,
m_qtys,1,1,1,
m_ids,shared_catacombs_rewards_trinket_rare,shared_catacombs_rewards_trinket_epic,shared_catacombs_rewards_trinket_epic,
m_types,sub_table,sub_table,sub_table,
m_tags,
m_conditions,,is_confessions,is_kingdoms+escalation_is_over_1,
element_end
element_start,shared_catacombs_rewards_trinket_rare,LootTable
m_chances,1,1,1,1,
m_qtys,1,1,1,1,
m_ids,TRINKETS_CITY_RARE,TRINKETS_FARM_RARE,TRINKETS_FOREST_RARE,TRINKETS_COAST_RARE,
m_types,sub_table,sub_table,sub_table,sub_table,
m_tags,
m_conditions,
element_end
element_start,shared_catacombs_rewards_trinket_epic,LootTable
m_chances,1,1,1,1,5,1,
m_qtys,1,1,1,1,1,1,
m_ids,TRINKETS_CITY_EPIC,TRINKETS_FARM_EPIC,TRINKETS_FOREST_EPIC,TRINKETS_COAST_EPIC,TRINKETS_CATACOMBS_EPIC,TRINKETS_HERO_ALL,
m_types,sub_table,sub_table,sub_table,sub_table,sub_table,sub_table,
m_tags,
m_conditions,
element_end
element_start,shared_catacombs_rewards_unique_chc,LootTable
m_chances,3,3,
m_qtys,1,0,
m_ids,shared_catacombs_rewards_unique,nothing,
m_types,sub_table,nothing,
m_tags,
m_conditions,
element_end
element_start,shared_catacombs_rewards_unique,LootTable
m_chances,2,2,2,2,2,2,2,2,2,1,1,
m_qtys,2,1,1,1,1,1,1,1,1,1,1,
m_ids,catacombs_black_light_lantern,catacombs_underground_orchid,catacombs_geode,catacombs_coin_purse,catacombs_buckler,catacombs_chain,catacombs_stratagem_offense,catacombs_stratagem_defense,catacombs_moonlight_lantern,TRINKETS_CATACOMBS_EPIC,TRINKETS_CATACOMBS_EPIC,
m_types,item,item,item,item,item,item,item,item,item,sub_table,sub_table,
m_tags,
m_conditions,,,,,,,,,,is_confessions,is_kingdoms+escalation_is_over_1,
element_end
element_start,supply_cache_catacombs_all,LootTable
m_chances,1,1,
m_qtys,1,1,
m_ids,kingdoms_supply_cache_catacombs,confessions_supply_cache_catacombs,
m_types,all_sub_table,all_sub_table,
m_tags,
m_conditions,is_kingdoms,is_confessions,
element_end
element_start,kingdoms_supply_cache_catacombs,LootTable
m_chances,1,1,1,1,1,1,1,1,1,1,
m_qtys,1,1,1,1,2,1,1,1,1,1,
m_ids,RELICS_LOT,BAUBLES_LOT,CONSTRUCTION_CURRENCY_20,biome_reward,ALL_COMBAT_ITEMS,ALL_REST_ITEMS,supply_cache_food,shared_catacombs_rewards_trinket,shared_catacombs_rewards_unique,shared_catacombs_rewards_pet_chc,
m_types,sub_table,sub_table,sub_table,biome_reward,sub_table,sub_table,sub_table,sub_table,sub_table,sub_table,
m_tags,
m_conditions,
element_end
element_start,shared_catacombs_rewards_pet_chc,LootTable
m_chances,9,1,
m_qtys,0,1,
m_ids,nothing,catacombs_pet_cat,
m_types,nothing,item,
m_tags,
m_conditions,
element_end
element_start,confessions_supply_cache_catacombs,LootTable
m_chances,1,1,1,1,1,1,1,
m_qtys,1,1,2,1,1,1,1,
m_ids,RELICS_LOT,BAUBLES_LOT,ALL_COMBAT_ITEMS,ALL_REST_ITEMS,supply_cache_food,shared_catacombs_rewards_trinket,shared_catacombs_rewards_unique,
m_types,sub_table,sub_table,sub_table,sub_table,sub_table,sub_table,sub_table,
m_tags,
m_conditions,
element_end
element_start,road_object_L0,LootTable
m_chances,1,
m_qtys,1,
m_ids,shared_catacombs_rewards_trinket,
m_types,sub_table,
m_conditions,catacombs_biome_check,
element_end
element_start,road_object_L1,LootTable
m_chances,1,
m_qtys,1,
m_ids,shared_catacombs_rewards_trinket,
m_types,sub_table,
m_conditions,catacombs_biome_check,
element_end
element_start,road_object_L2,LootTable
m_chances,1,
m_qtys,1,
m_ids,shared_catacombs_rewards_trinket,
m_types,sub_table,
m_conditions,catacombs_biome_check,
element_end
element_start,kingdoms_road_object_master,LootTable
m_chances,1,
m_qtys,1,
m_ids,shared_catacombs_rewards_trinket,
m_types,sub_table,
m_conditions,catacombs_biome_check,
element_end
element_start,shared_caves_rewards_locked_strongbox,LootTable
m_chances,1,
m_qtys,1,
m_ids,catacombs_moonlight_lantern,
m_types,item,
m_conditions,cave_biome_check,
element_end
element_start,BAUBLES_MINUSCULE,LootTable
m_chances,1,
m_qtys,1,
m_ids,cave_dirt,
m_types,item,
m_tags,BAUBLES_QTY,
m_conditions,catacombs_biome_check,
element_end
element_start,BAUBLES_TINY,LootTable
m_chances,1,
m_qtys,2,
m_ids,cave_dirt,
m_types,item,
m_tags,BAUBLES_QTY,
m_conditions,catacombs_biome_check,
element_end
element_start,BAUBLES_LITTLE,LootTable
m_chances,1,
m_qtys,4,
m_ids,cave_dirt,
m_types,item,
m_tags,BAUBLES_QTY,
m_conditions,catacombs_biome_check,
element_end
element_start,BAUBLES_SOME,LootTable
m_chances,1,
m_qtys,8,
m_ids,cave_dirt,
m_types,item,
m_tags,BAUBLES_QTY,
m_conditions,catacombs_biome_check,
element_end
element_start,BAUBLES_LOT,LootTable
m_chances,1,
m_qtys,12,
m_ids,cave_dirt,
m_types,item,
m_tags,BAUBLES_QTY,
m_conditions,catacombs_biome_check,
element_end
element_start,BAUBLES_HUGE,LootTable
m_chances,1,
m_qtys,16,
m_ids,cave_dirt,
m_types,item,
m_tags,BAUBLES_QTY,
m_conditions,catacombs_biome_check,
element_end
element_start,BAUBLES_24,LootTable
m_chances,1,
m_qtys,24,
m_ids,cave_dirt,
m_types,item,
m_tags,BAUBLES_QTY,
m_conditions,catacombs_biome_check,
element_end
element_start,BAUBLES_MOST,LootTable
m_chances,1,
m_qtys,32,
m_ids,cave_dirt,
m_types,item,
m_tags,BAUBLES_QTY,
m_conditions,catacombs_biome_check,
element_end
element_start,BAUBLES_48,LootTable
m_chances,1,
m_qtys,48,
m_ids,cave_dirt,
m_types,item,
m_tags,BAUBLES_QTY,
m_conditions,catacombs_biome_check,
element_end
element_start,shared_catacombs_rewards_corpse_1slot_chc,LootTable
m_chances,0,6,2,6,2,1,1,
m_qtys,0,1,1,1,1,1,1,
m_ids,nothing,RELICS_MINUSCULE,RELICS_LITTLE,BAUBLES_MINUSCULE,BAUBLES_LITTLE,shared_catacombs_rewards_unique,shared_catacombs_rewards_trinket,
m_types,nothing,sub_table,sub_table,sub_table,sub_table,sub_table,sub_table,
m_tags,,,,,,ROAD_DEBRIS_CHC,TRINKET_CHC,
m_conditions,
element_end
element_start,shared_catacombs_rewards_corpse_2slot_chc,LootTable
m_chances,0,6,2,6,2,2,2,
m_qtys,0,1,1,1,1,1,1,
m_ids,nothing,RELICS_LITTLE,RELICS_SOME,BAUBLES_LITTLE,BAUBLES_SOME,shared_catacombs_rewards_unique,shared_catacombs_rewards_trinket,
m_types,nothing,sub_table,sub_table,sub_table,sub_table,sub_table,sub_table,
m_tags,,,,,,ROAD_DEBRIS_CHC,TRINKET_CHC,
m_conditions,
element_end
element_start,catacombs_geode_combat_loot,LootTable
m_chances,8,2,2,1,
m_qtys,1,1,1,1,
m_ids,shared_catacombs_rewards_trinket,TRINKETS_HOARDER,TRINKETS_CATACOMBS_EPIC,pet_slime,
m_types,sub_table,sub_table,sub_table,item,
m_tags,
m_conditions,,,,is_kingdoms,
element_end
element_start,catacombs_geode_deliverable_loot_all,LootTable
m_chances,1,
m_qtys,1,
m_ids,catacombs_geode_deliverable_loot,
m_types,all_sub_table,
element_end
element_start,catacombs_geode_deliverable_loot,LootTable
m_chances,1,1,
m_qtys,1,1,
m_ids,RELICS_HUGE,BAUBLES_HUGE,
m_types,sub_table,sub_table,
m_tags,
m_conditions,
element_end
element_start,TRINKETS_CATACOMBS_EPIC,LootTable
m_chances,1,1,1,
m_qtys,1,1,1,
m_ids,trinket_catacombs_slime_cube,trinket_catacombs_slime_amulet,trinket_catacombs_statue_head,
m_types,item,item,item,
m_tags,
m_conditions,
element_end
element_start,inn_default_combat_items,LootTable
m_chances,1,
m_qtys,2,
m_ids,catacombs_black_light_lantern,
m_types,item,
m_conditions,has_entered_catacombs,
element_end
element_start,inn_kingdom_combat_items,LootTable
m_chances,1,
m_qtys,2,
m_ids,catacombs_black_light_lantern,
m_types,item,
m_conditions,has_entered_catacombs,
element_end
element_start,sc_catacombs_salt_barrel_loot,LootTable
m_chances,4,1,
m_qtys,0,1,
m_ids,nothing,catacombs_salt,
m_types,nothing,item,
m_tags,,PRODUCTION_CHC,
m_conditions,
element_end
element_start,BUFF_COMBAT_ITEMS,LootTable
m_chances,1,
m_qtys,2,
m_ids,catacombs_salt,
m_types,item,
element_end
element_start,KINGDOM_BASIC_COMBAT_ITEMS,LootTable
m_chances,1,
m_qtys,2,
m_ids,catacombs_salt,
m_types,item,
element_end
element_start,SC_UPGRADES_FOOD_GEAR,LootTable
m_chances,1,
m_qtys,1,
m_ids,catacombs_salt_barrel,
m_types,item,
element_end
element_start,SC_PET,LootTable
m_chances,1,1,
m_qtys,1,4,
m_ids,catacombs_pet_cat,catacombs_cat_food,
m_types,item,item,
m_tags,
m_conditions,profile_unlock_pet_1,profile_unlock_pet_1,
element_end
element_start,SC_PET_BASIC,LootTable
m_chances,1,
m_qtys,1,
m_ids,catacombs_pet_cat,
m_types,item,
element_end
element_start,inn_default_combat_items,LootTable
m_chances,1,
m_qtys,[4-6],
m_ids,catacombs_cat_food,
m_types,item,
m_conditions,stagecoach_has_catacombs_pet_cat_equipped,
element_end
element_start,inn_kingdom_combat_items,LootTable
m_chances,1,
m_qtys,[4-6],
m_ids,catacombs_cat_food,
m_types,item,
m_conditions,stagecoach_has_catacombs_pet_cat_equipped,
element_end
element_start,hoarder_shop,LootTable
m_chances,1,
m_qtys,8,
m_ids,catacombs_cat_food,
m_types,item,
m_conditions,stagecoach_has_catacombs_pet_cat_equipped,
element_end
element_start,assist_food_med,LootTable
m_chances,1,
m_qtys,1,
m_ids,catacombs_cat_food,
m_types,item,
m_conditions,stagecoach_has_catacombs_pet_cat_equipped,
element_end
element_start,repeatable_items_trinkets,LootTable
m_chances,1,
m_qtys,1,
m_ids,TRINKETS_CATACOMBS_EPIC,
m_types,sub_table,
element_end
element_start,SPECIAL_COMBAT_ITEMS,LootTable
m_chances,1,1,1,1,1,1,1,
m_qtys,1,1,1,1,1,1,1,
m_ids,catacombs_black_light_lantern,catacombs_geode,catacombs_coin_purse,catacombs_buckler,catacombs_chain,catacombs_stratagem_offense,catacombs_stratagem_defense,
m_types,item,item,item,item,item,item,item,
m_tags,
m_conditions,
element_end
element_start,SPECIAL_INN_ITEMS,LootTable
m_chances,1,
m_qtys,1,
m_ids,catacombs_underground_orchid,
m_types,item,
element_end
element_start,repeatable_items_stagecoach,LootTable
m_chances,1,
m_qtys,1,
m_ids,catacombs_moonlight_lantern,
m_types,item,
element_end
element_start,abm_diary_inn,LootTable
m_chances,0,1,
m_qtys,0,1,
m_ids,nothing,abm_diary,
m_types,nothing,item,
m_tags,
m_conditions,
element_end
element_start,TRINKETS_HERO_ALL,LootTable
m_chances,1,1,1,1,1,1,
m_qtys,1,1,1,1,1,1,
m_ids,trinket_hero_abm_lock,trinket_hero_abm_antidote,trinket_hero_abm_confession,trinket_hero_abm_lock,trinket_hero_abm_antidote,trinket_hero_abm_confession,
m_types,item,item,item,item,item,item,
m_tags,
m_conditions,hero_party_has_abomination,hero_party_has_abomination,hero_party_has_abomination,kingdom_inn_has_abomination,kingdom_inn_has_abomination,kingdom_inn_has_abomination,
element_end
element_start,TRINKETS_HERO_ALL_UNCONDITIONAL,LootTable
m_chances,1,1,1,
m_qtys,1,1,1,
m_ids,trinket_hero_abm_lock,trinket_hero_abm_antidote,trinket_hero_abm_confession,
m_types,item,item,item,
m_tags,
m_conditions,
element_end
element_start,TRINKETS_HERO_ABM,LootTable
m_chances,1,1,1,
m_qtys,1,1,1,
m_ids,trinket_hero_abm_lock,trinket_hero_abm_antidote,trinket_hero_abm_confession,
m_types,item,item,item,
m_tags,
m_conditions,hero_party_has_abomination,hero_party_has_abomination,hero_party_has_abomination,
element_end
element_start,TRINKETS_HERO_ABM_UNCONDITIONAL,LootTable
m_chances,1,1,1,
m_qtys,1,1,1,
m_ids,trinket_hero_abm_lock,trinket_hero_abm_antidote,trinket_hero_abm_confession,
m_types,item,item,item,
m_tags,
m_conditions,
element_end
element_start,SIGNATURE_INN_ITEMS,LootTable
m_chances,1,1,
m_qtys,1,1,
m_ids,abm_diary,abm_diary,
m_types,item,item,
m_tags,
m_conditions,hero_party_has_abomination,kingdom_inn_has_abomination,
element_end
element_start,rumours_all_regions,LootTable
m_chances,2,
m_qtys,1,
m_ids,RUMOURS_CATACOMBS,
m_types,sub_table,
m_conditions,biome_is_not_catacombs,
element_end
element_start,RUMOURS_CATACOMBS,LootTable
m_chances,1,1,
m_qtys,1,1,
m_ids,catacombs_rumour_den,catacombs_rumour_study,
m_types,item,item,
m_tags,
m_conditions,
element_end
element_start,quest_courtier_collect_blood_sample,LootTable
m_chances,1,
m_qtys,1,
m_ids,quest_courtier_blood_sample,
m_types,item,
m_tags,
m_conditions,catacombs_biome_check+quest_courtier_current_step_collect_blood_sample,
element_end
