element_start,vermin_caretaker_corpse,ActorDataClass
m_Tags,corpse,monster,
m_IsBattleComplete,True,
m_ClearContainerTypes,BuffContainer,TokenContainer,DotContainer,
m_Size,2,
m_IgnoredSkillAttributeTypes,TOKEN_ADD,BUFF_ADD,QUIRK_ADD,
m_IsTickTriggerValid,False,
m_SkillBlockId,corpse,
m_DeathRound,3,
m_TokenViewValid,False,
m_IsEffectsReasonValid,False,
element_end
element_start,vermin_caretaker_corpse,ActorDataStats
key_map,health_max,
add_stats,20,
sub_stat,resistance,stun,0.4,
sub_stat,resistance,blight,0.75,
sub_stat,resistance,bleed,0.2,
sub_stat,resistance,burn,0.2,
sub_stat,resistance,disease,2,
sub_stat,resistance,move,0.1,
sub_stat,resistance,debuff,0.3,
element_end
element_start,vermin_caretaker,ActorDataClass
m_Tags,monster,vermin,chirurgeon_ally,brain_blessing,lungs_blessing,eyes_blessing,arms_blessing,final_blessing,
m_Size,2,
m_IsTickTriggerValid,True,
m_IsStressTriggerValid,True,
m_ResistAlwaysIds,disease,
m_IsStallCounted,True,
element_end
element_start,vermin_caretaker,ActorDataStats
key_map,health_max,speed,speed_number_of_turns,
add_stats,48,4,2,
sub_stat,resistance,stun,0.4,
sub_stat,resistance,blight,0.75,
sub_stat,resistance,bleed,0.2,
sub_stat,resistance,burn,0.2,
sub_stat,resistance,disease,2,
sub_stat,resistance,move,0.1,
sub_stat,resistance,debuff,0.3,
element_end
element_start,vermin_caretaker,ActorDataEffects
spawn_effects,vermin_caretaker_crit_buff_e,add_2_deaths_door_armor,add_1_deaths_door_infernal_flame,
turn_skip_effects,stun_temp_resist_buff_e,
turn_start_effects,heal_slime_01,heal_slime_02,heal_slime_03,remove_all_slime_tokens,
deaths_door_exit_effects,add_1_deaths_door_armor,
element_end
element_start,caretaker_lantern_swing,ActorDataSkill
m_IsFriendly,False,
launch_ranks,1,2,3,4,
m_TargetRelativeRanks,0,0,
m_IsMultiHit,True,
m_CanBeRiposted,True,
m_AverageRankIgnored,False,
m_ValidActOutTypes,skill_before,skill_after,skill_additional,
token_ignores,til_ignore_stealth,
m_Tags,ranged,caretaker_lantern_swing,
m_IsStallInvalidating,False,
element_end
element_start,caretaker_lantern_swing,ActorDataStats
key_map,health_damage,health_damage_range,crit_chance,
add_stats,4,4,0.05,
element_end
element_start,caretaker_lantern_swing,ActorDataEffects
target_effects,add_1_slime_token_33pct,add_1_daze_hidden,
on_crit_as_performer_to_target_effects,move_shuffle,
target_team_hit_member_random_effects,torch_damage_5,
performer_after_target_effects,move_forward_1_hidden,
element_end
element_start,caretaker_key_toss,ActorDataSkill
m_IsFriendly,False,
launch_ranks,1,2,3,4,
target_ranks,1,2,3,4,
m_IsMultiHit,True,
m_Cooldown,1,
m_AllConditionIds,target_has_slime,
m_CanBeRiposted,True,
m_AverageRankIgnored,False,
m_IsForced,True,
m_IsBlockPass,True,
m_ValidActOutTypes,skill_before,skill_after,skill_additional,
m_Tags,ranged,caretaker_key_toss,
m_IsStallInvalidating,False,
element_end
element_start,caretaker_key_toss,ActorDataStats
key_map,health_damage,health_damage_range,crit_chance,
add_stats,6,2,0.05,
element_end
element_start,caretaker_key_toss,ActorDataEffects
target_effects,add_vulnerable_vermin_caretaker,add_weak_vermin_caretaker,
element_end
element_start,caretaker_face_claw,ActorDataSkill
m_IsFriendly,False,
launch_ranks,1,2,3,4,
m_TargetRelativeRanks,0,0,
m_IsMultiHit,True,
m_Cooldown,2,
m_CanBeRiposted,True,
m_AverageRankIgnored,False,
m_ValidActOutTypes,skill_before,skill_after,skill_additional,
m_Tags,caretaker_face_claw,
m_IsStallInvalidating,False,
element_end
element_start,caretaker_face_claw,ActorDataStats
key_map,
add_stats,
element_end
element_start,caretaker_face_claw,ActorDataEffects
target_effects,gen_debuff_crit_10pct_e,add_1_daze_target_has_slime,dot_horror_small_hidden,
performer_after_target_effects,move_backward_1_hidden,
element_end
