element_start,beastmen_rot_claw_corpse,ActorDataClass
m_Tags,corpse,monster,
m_IsBattleComplete,True,
m_ClearContainerTypes,BuffContainer,TokenContainer,DotContainer,
m_Size,2,
m_IgnoredSkillAttributeTypes,TOKEN_ADD,BUFF_ADD,QUIRK_ADD,
m_IsTickTriggerValid,False,
m_SkillBlockId,corpse,
m_DeathRound,3,
m_TokenViewValid,False,
m_IsEffectsReasonValid,False,
element_end
element_start,beastmen_rot_claw_corpse,ActorDataStats
key_map,health_max,
add_stats,16,
sub_stat,resistance,stun,0.75,
sub_stat,resistance,blight,0.5,
sub_stat,resistance,bleed,0.3,
sub_stat,resistance,burn,0.3,
sub_stat,resistance,disease,0.1,
sub_stat,resistance,move,0.2,
sub_stat,resistance,debuff,0.2,
element_end
element_start,beastmen_rot_claw,ActorDataClass
m_Tags,monster,beastmen,brain_blessing,lungs_blessing,eyes_blessing,arms_blessing,final_blessing,
m_Size,2,
m_IsTickTriggerValid,True,
m_IsStressTriggerValid,True,
m_IsStallCounted,True,
element_end
element_start,beastmen_rot_claw,ActorDataStats
key_map,health_max,speed,speed_number_of_turns,
add_stats,36,1,1,
sub_stat,resistance,stun,0.75,
sub_stat,resistance,blight,0.5,
sub_stat,resistance,bleed,0.3,
sub_stat,resistance,burn,0.3,
sub_stat,resistance,disease,0.1,
sub_stat,resistance,move,0.2,
sub_stat,resistance,debuff,0.2,
element_end
element_start,beastmen_rot_claw,ActorDataEffects
spawn_effects,rot_claw_enrage_when_hit_e,rot_claw_enrage_when_crit_e,add_2_deaths_door_armor,add_1_deaths_door_infernal_flame,
turn_skip_effects,stun_temp_resist_buff_e,
deaths_door_exit_effects,add_1_deaths_door_armor,
element_end
element_start,rot_claw_rake,ActorDataSkill
m_IsFriendly,False,
launch_ranks,1,2,
target_ranks,1,2,
m_IsMultiHit,False,
m_Cooldown,1,
m_AllConditionIds,performer_has_no_berserk,
m_CanBeRiposted,True,
m_AverageRankIgnored,False,
m_ValidActOutTypes,skill_before,skill_after,skill_additional,
m_Tags,melee,rot_claw_rake,
m_IsStallInvalidating,False,
element_end
element_start,rot_claw_rake,ActorDataStats
key_map,health_damage,health_damage_range,crit_chance,
add_stats,4,3,0.1,
element_end
element_start,rot_claw_rake,ActorDataEffects
target_effects,skill_dot_medium_bleed,skill_dot_medium_blight,
element_end
element_start,rot_claw_rage,ActorDataSkill
m_IsFriendly,False,
launch_ranks,1,2,3,4,
target_ranks,1,2,3,4,
m_IsMultiHit,False,
m_Cooldown,1,
m_AllConditionIds,performer_has_no_berserk,
m_CanBeRiposted,True,
m_AverageRankIgnored,False,
m_ValidActOutTypes,skill_before,skill_after,skill_additional,
m_Tags,ranged,rot_claw_rage,
m_IsStallInvalidating,False,
element_end
element_start,rot_claw_rage,ActorDataStats
key_map,crit_chance,
add_stats,0.05,
element_end
element_start,rot_claw_rage,ActorDataEffects
target_effects,dot_horror_large,add_2_vulnerable,
performer_effects,add_1_enrage,add_2_block,
element_end
element_start,rot_claw_slam,ActorDataSkill
m_IsFriendly,False,
launch_ranks,3,4,
target_ranks,1,2,3,
m_IsMultiHit,False,
m_Cooldown,1,
m_AllConditionIds,performer_has_no_berserk,
m_CanBeRiposted,True,
m_AverageRankIgnored,False,
m_ValidActOutTypes,skill_before,skill_after,skill_additional,
m_Tags,melee,rot_claw_slam,
m_IsStallInvalidating,False,
element_end
element_start,rot_claw_slam,ActorDataStats
key_map,health_damage,health_damage_range,crit_chance,
add_stats,6,1,0.05,
element_end
element_start,rot_claw_slam,ActorDataEffects
target_effects,move_knockback_2,
performer_effects,add_2_taunt_nr,move_forward_1,
element_end
element_start,rot_claw_rake_berserk,ActorDataSkill
m_IsFriendly,False,
launch_ranks,1,2,
target_ranks,1,2,
m_IsMultiHit,True,
m_AllConditionIds,performer_has_berserk,
m_CanBeRiposted,True,
m_AverageRankIgnored,False,
m_ValidActOutTypes,skill_before,skill_after,skill_additional,
m_Tags,melee,rot_claw_rake_berserk,
m_IsStallInvalidating,False,
element_end
element_start,rot_claw_rake_berserk,ActorDataStats
key_map,health_damage,health_damage_range,crit_chance,
add_stats,6,6,0.1,
element_end
element_start,rot_claw_rake_berserk,ActorDataEffects
target_effects,skill_dot_medium_blight,skill_dot_medium_bleed,
element_end
element_start,rot_claw_slam_berserk,ActorDataSkill
m_IsFriendly,False,
launch_ranks,3,4,
target_ranks,1,2,3,
m_IsMultiHit,True,
m_AllConditionIds,performer_has_berserk,
m_CanBeRiposted,True,
m_AverageRankIgnored,False,
m_ValidActOutTypes,skill_before,skill_after,skill_additional,
m_Tags,melee,rot_claw_slam_berserk,
m_IsStallInvalidating,False,
element_end
element_start,rot_claw_slam_berserk,ActorDataStats
key_map,health_damage,health_damage_range,crit_chance,
add_stats,8,4,0.05,
element_end
element_start,rot_claw_slam_berserk,ActorDataEffects
target_effects,move_knockback_2,
performer_effects,add_2_taunt_nr,move_forward_1,
element_end
