element_start,beastmen_huntsman_corpse,ActorDataClass
m_Tags,corpse,monster,
m_IsBattleComplete,True,
m_ClearContainerTypes,BuffContainer,TokenContainer,DotContainer,
m_Size,1,
m_IgnoredSkillAttributeTypes,TOKEN_ADD,BUFF_ADD,QUIRK_ADD,
m_IsTickTriggerValid,False,
m_SkillBlockId,corpse,
m_DeathRound,3,
m_TokenViewValid,False,
m_IsEffectsReasonValid,False,
element_end
element_start,beastmen_huntsman_corpse,ActorDataStats
key_map,health_max,
add_stats,10,
sub_stat,resistance,stun,0.1,
sub_stat,resistance,blight,0.3,
sub_stat,resistance,bleed,0.3,
sub_stat,resistance,burn,0.2,
sub_stat,resistance,disease,0.1,
sub_stat,resistance,move,0.3,
sub_stat,resistance,debuff,0.2,
element_end
element_start,beastmen_huntsman,ActorDataClass
m_Tags,monster,beastmen,beastmen_grunt,brain_blessing,lungs_blessing,eyes_blessing,arms_blessing,final_blessing,
m_Size,1,
m_IsTickTriggerValid,True,
m_IsStressTriggerValid,True,
m_IsStallCounted,True,
element_end
element_start,beastmen_huntsman,ActorDataStats
key_map,health_max,speed,speed_number_of_turns,
add_stats,23,3,1,
sub_stat,resistance,stun,0.1,
sub_stat,resistance,blight,0.3,
sub_stat,resistance,bleed,0.3,
sub_stat,resistance,burn,0.2,
sub_stat,resistance,disease,0.1,
sub_stat,resistance,move,0.3,
sub_stat,resistance,debuff,0.2,
sub_stat,resistance,death,0,
element_end
element_start,beastmen_huntsman,ActorDataEffects
spawn_effects,beastmen_grunt_aet_fake_tooltip_e,
turn_skip_effects,stun_temp_resist_buff_e,
actor_effect_triggers,beastmen_grunt_death_aet,
element_end
element_start,huntsman_axe_slash,ActorDataSkill
m_IsFriendly,False,
launch_ranks,1,2,
target_ranks,1,2,
m_IsMultiHit,False,
m_AllConditionIds,performer_has_no_berserk,
m_CanBeRiposted,True,
m_AverageRankIgnored,False,
m_ValidActOutTypes,skill_before,skill_after,skill_additional,
m_Tags,melee,huntsman_axe_slash,
m_IsStallInvalidating,False,
element_end
element_start,huntsman_axe_slash,ActorDataStats
key_map,health_damage,health_damage_range,crit_chance,
add_stats,3,2,0.15,
element_end
element_start,huntsman_axe_slash,ActorDataEffects
target_effects,gen_debuff_blight_res_10pct_e,add_1_weak_50pct,
on_miss_as_performer_to_performer_effects,add_1_enrage_performer,
performer_on_crit_single_effects,add_1_enrage_performer,
element_end
element_start,huntsman_axe_throw,ActorDataSkill
m_IsFriendly,False,
launch_ranks,3,4,
target_ranks,3,4,
m_IsMultiHit,False,
m_AllConditionIds,performer_has_no_berserk,
m_CanBeRiposted,True,
m_AverageRankIgnored,False,
m_ValidActOutTypes,skill_before,skill_after,skill_additional,
m_Tags,ranged,huntsman_axe_throw,
m_IsStallInvalidating,False,
element_end
element_start,huntsman_axe_throw,ActorDataStats
key_map,health_damage,health_damage_range,crit_chance,
add_stats,4,2,0.1,
element_end
element_start,huntsman_axe_throw,ActorDataEffects
target_effects,destroy_1_positive_token,add_1_weak_50pct,
on_miss_as_performer_to_performer_effects,add_1_enrage_performer,
performer_on_crit_single_effects,add_1_enrage_performer,
element_end
element_start,huntsman_axe_slash_berserk,ActorDataSkill
m_IsFriendly,False,
launch_ranks,1,2,
target_ranks,1,2,
m_IsMultiHit,True,
m_AllConditionIds,performer_has_berserk,
m_CanBeRiposted,True,
m_AverageRankIgnored,False,
m_ValidActOutTypes,skill_before,skill_after,skill_additional,
m_Tags,melee,huntsman_axe_slash_berserk,
m_IsStallInvalidating,False,
element_end
element_start,huntsman_axe_slash_berserk,ActorDataStats
key_map,health_damage,health_damage_range,crit_chance,
add_stats,6,4,0.15,
element_end
element_start,huntsman_axe_slash_berserk,ActorDataEffects
target_effects,gen_debuff_blight_res_10pct_e,
element_end
element_start,huntsman_axe_throw_berserk,ActorDataSkill
m_IsFriendly,False,
launch_ranks,3,4,
target_ranks,3,4,
m_IsMultiHit,True,
m_AllConditionIds,performer_has_berserk,
m_CanBeRiposted,True,
m_AverageRankIgnored,False,
m_ValidActOutTypes,skill_before,skill_after,skill_additional,
m_Tags,ranged,huntsman_axe_throw_berserk,
m_IsStallInvalidating,False,
element_end
element_start,huntsman_axe_throw_berserk,ActorDataStats
key_map,health_damage,health_damage_range,crit_chance,
add_stats,8,4,0.1,
element_end
element_start,huntsman_axe_throw_berserk,ActorDataEffects
target_effects,destroy_1_positive_token,
element_end
