element_start,courtier_archduke,ActorDataClass
m_Tags,monster,courtier,boss,large,archduke,gang_boss,
m_Size,2,
m_IsTickTriggerValid,True,
m_IsStressTriggerValid,True,
m_IsStallCounted,True,
element_end
element_start,courtier_archduke,ActorDataStats
key_map,health_max,speed,speed_number_of_turns,
add_stats,174,7,2,
sub_stat,resistance,stun,1,
sub_stat,resistance,blight,0.3,
sub_stat,resistance,bleed,0.4,
sub_stat,resistance,burn,0.2,
sub_stat,resistance,disease,0.1,
sub_stat,resistance,move,0.1,
sub_stat,resistance,debuff,0.2,
element_end
element_start,courtier_archduke,ActorDataEffects
spawn_effects,add_1_block_plus,add_1_dodge_plus,add_1_dodge,archduke_hive_tool_tip_e,add_2_deaths_door_armor,add_1_deaths_door_infernal_flame,
turn_skip_effects,stun_temp_resist_buff_e,
actor_effect_triggers,archduke_rank_mark_set_aet,archduke_rank_mark_clear_aet,archduke_death_aet,
round_start_effects,archduke_end_round_stinger_action,
round_end_effects,count_minus_1,remove_all_logic_a,
deaths_door_exit_effects,add_1_deaths_door_armor,
element_end
element_start,archduke_stinger_jab,ActorDataSkill
m_IsFriendly,False,
launch_ranks,1,2,3,4,
target_ranks,1,2,3,4,
m_IsMultiHit,False,
m_AllConditionIds,target_has_mark_attack_location,
m_CanBeRiposted,True,
m_AverageRankIgnored,False,
m_ValidActOutTypes,skill_before,skill_after,skill_additional,
token_ignores,til_ignore_taunt,til_archduke_blood_draw,
m_Tags,melee,archduke_stinger_jab,
m_Type,end_round,
m_IsStallInvalidating,False,
element_end
element_start,archduke_stinger_jab,ActorDataStats
key_map,health_damage,health_damage_range,crit_chance,
add_stats,4,2,0.05,
element_end
element_start,archduke_stinger_jab,ActorDataEffects
on_hit_as_performer_to_performer_apply_limit_effects,add_1_archduke_pure_cup,add_1_archduke_infected_cup,
on_hit_as_performer_to_performer_apply_limit,1,
target_effects,skill_dot_small_bleed,stress_damage_1,stress_damage_1_50pct,remove_crimson_curse_tag,
performer_effects,move_forward_3,
element_end
element_start,archduke_claw_strike,ActorDataSkill
m_IsFriendly,False,
launch_ranks,1,2,3,4,
target_ranks,1,2,3,4,
m_IsMultiHit,False,
m_AllConditionIds,performer_cup_is_empty,performer_has_no_blood_buff,
m_CanBeRiposted,True,
m_AverageRankIgnored,False,
m_ValidActOutTypes,skill_before,skill_after,skill_additional,
m_Tags,melee,archduke_claw_strike,
m_IsStallInvalidating,False,
element_end
element_start,archduke_claw_strike,ActorDataStats
key_map,health_damage,health_damage_range,crit_chance,
add_stats,4,4,0.1,
element_end
element_start,archduke_claw_strike,ActorDataEffects
performer_apply_limit_effects,archduke_forward_1,archduke_back_1,archduke_shuffle,archduke_back_1_sycophant,
performer_apply_limit,1,
target_effects,skill_dot_medium_bleed,prime_combo_for_ally_50pct,
element_end
element_start,archduke_drink,ActorDataSkill
m_IsFriendly,True,
m_IsFriendlySelfTargetValid,True,
launch_ranks,1,2,3,4,
m_IsMultiHit,False,
m_AllConditionIds,performer_has_pure_cup,
m_AverageRankIgnored,False,
m_IsForced,True,
m_IsBlockPass,True,
m_Tags,archduke_drink,
m_IsStallInvalidating,False,
element_end
element_start,archduke_drink,ActorDataEffects
performer_effects,add_1_archduke_pure_blood,heal_10pct_if_pure_blood_capped,
performer_after_target_effects,remove_1_archduke_pure_cup,
element_end
element_start,archduke_drink_infected,ActorDataSkill
m_IsFriendly,True,
m_IsFriendlySelfTargetValid,True,
launch_ranks,1,2,3,4,
m_IsMultiHit,False,
m_AllConditionIds,performer_has_infected_cup,
m_AverageRankIgnored,False,
m_Tags,archduke_drink_infected,
m_IsStallInvalidating,False,
element_end
element_start,archduke_drink_infected,ActorDataEffects
performer_effects,add_1_archduke_infected_blood,heal_10pct_if_infected_blood_capped,
performer_after_target_effects,remove_1_archduke_infected_cup,
element_end
element_start,archduke_buff,ActorDataSkill
m_IsFriendly,True,
launch_ranks,1,2,3,4,
target_ranks,1,2,3,4,
m_IsMultiHit,True,
m_AllConditionIds,performer_has_infected_cup,target_no_archduke_minion_fed,target_is_not_corpse_hidden,
m_AverageRankIgnored,False,
m_IsForced,True,
m_IsBlockPass,True,
m_Tags,archduke_buff,
m_IsStallInvalidating,False,
element_end
element_start,archduke_buff,ActorDataEffects
target_effects,heal_10pct,add_1_archduke_minion_fed,
target_apply_limit_effects,add_1_strength,add_1_strength,add_1_crit_25pct,add_1_speed,add_1_block_plus,
target_apply_limit,2,
performer_after_target_effects,remove_1_archduke_infected_cup,
element_end
element_start,archduke_summon,ActorDataSkill
m_IsFriendly,True,
m_IsFriendlySelfTargetValid,True,
launch_ranks,1,2,3,4,
m_IsMultiHit,False,
m_AllConditionIds,archduke_can_fit_summon_a,archduke_can_fit_summon_b,performer_cup_is_empty,performer_has_no_logic_a,performer_has_0_count,
m_AverageRankIgnored,False,
m_IsForced,True,
m_IsBlockPass,True,
m_Tags,archduke_summon,
m_IsStallInvalidating,False,
element_end
element_start,archduke_summon,ActorDataEffects
performer_team_others_effects,clear_corpse_hidden,
performer_after_target_apply_limit_effects,archduke_summon_sycophant,archduke_summon_esquire,archduke_summon_chevalier,archduke_summon_banquet,
performer_after_target_apply_limit,1,
performer_effects,count_plus_2,
element_end
element_start,archduke_claw_strike_pure,ActorDataSkill
m_IsFriendly,False,
launch_ranks,1,2,3,4,
target_ranks,1,2,3,4,
m_IsMultiHit,False,
m_AllConditionIds,performer_cup_is_empty,performer_has_pure_blood,
m_CanBeRiposted,True,
m_AverageRankIgnored,False,
m_ValidActOutTypes,skill_before,skill_after,skill_additional,
m_Tags,melee,archduke_claw_strike_pure,
m_IsStallInvalidating,False,
element_end
element_start,archduke_claw_strike_pure,ActorDataStats
key_map,health_damage,health_damage_range,crit_chance,
add_stats,4,3,0.15,
element_end
element_start,archduke_claw_strike_pure,ActorDataEffects
performer_apply_limit_effects,archduke_forward_1,archduke_back_1,archduke_shuffle,archduke_back_1_sycophant,
performer_apply_limit,1,
performer_after_target_apply_limit_effects,add_1_dodge,add_1_dodge_plus,
performer_after_target_apply_limit,1,
target_effects,skill_dot_small_bleed,bleed_tick_received_plus_1_e,archduke_severing_steps_curse,
element_end
element_start,archduke_claw_strike_infected,ActorDataSkill
m_IsFriendly,False,
launch_ranks,1,2,3,4,
target_ranks,1,2,3,4,
m_IsMultiHit,False,
m_AllConditionIds,performer_cup_is_empty,performer_has_infected_blood,
m_CanBeRiposted,True,
m_AverageRankIgnored,False,
m_ValidActOutTypes,skill_before,skill_after,skill_additional,
m_Tags,melee,archduke_claw_strike_infected,
m_IsStallInvalidating,False,
element_end
element_start,archduke_claw_strike_infected,ActorDataStats
key_map,health_damage,health_damage_range,crit_chance,
add_stats,10,4,0.05,
element_end
element_start,archduke_claw_strike_infected,ActorDataEffects
performer_apply_limit_effects,archduke_forward_1,archduke_back_1,archduke_shuffle,archduke_back_1_sycophant,
performer_apply_limit,1,
performer_after_target_apply_limit_effects,add_2_block,add_2_block_plus,
performer_after_target_apply_limit,1,
target_effects,skill_dot_massive_bleed,archduke_wasting_waltz_vs_bloodlust,archduke_wasting_waltz_vs_curse,
element_end
