element_start,courtier_cocoon,ActorDataClass
m_Tags,monster,courtier,cocoon,weak,brain_blessing,lungs_blessing,eyes_blessing,arms_blessing,final_blessing,
m_Size,1,
m_IsTickTriggerValid,True,
m_IsStressTriggerValid,True,
m_IsStallCounted,True,
element_end
element_start,courtier_cocoon,ActorDataStats
key_map,health_max,speed,speed_number_of_turns,
add_stats,15,3,0,
sub_stat,resistance,stun,0.4,
sub_stat,resistance,blight,0.2,
sub_stat,resistance,bleed,0.4,
sub_stat,resistance,burn,0.1,
sub_stat,resistance,disease,0.1,
sub_stat,resistance,move,0.1,
sub_stat,resistance,debuff,0.1,
sub_stat,resistance,death,0,
element_end
element_start,courtier_cocoon,ActorDataEffects
spawn_effects,count_plus_1,
turn_skip_effects,stun_temp_resist_buff_e,
round_end_effects,count_minus_1,
element_end
element_start,courtier_cocoon,ActorDataExternalBuffs
buffs,cocoon_extra_turn_buff,
element_end
element_start,cocoon_hatch,ActorDataSkill
m_IsFriendly,False,
launch_ranks,1,2,3,4,
target_ranks,1,2,3,4,
m_IsMultiHit,False,
m_AllConditionIds,cocoon_hatch_round_threshold,
m_AverageRankIgnored,False,
m_IsForced,True,
m_IsBlockPass,True,
token_ignores,til_ignore_immobilize,til_ignore_riposte_visible,
m_Tags,ranged,cocoon_hatch,
m_IsStallInvalidating,False,
element_end
element_start,cocoon_hatch,ActorDataStats
key_map,health_damage,health_damage_range,crit_chance,
add_stats,3,4,0.05,
element_end
element_start,cocoon_hatch,ActorDataEffects
target_effects,stress_damage_1,stress_damage_1_25pct,
performer_after_target_apply_limit_effects,spawn_courtier_sycophant,spawn_courtier_esquire,spawn_courtier_chevalier,spawn_courtier_banquet,
performer_after_target_apply_limit,1,
element_end
