element_start,coven_mothers_spitter,ActorDataClass
m_Tags,monster,coven,boss,matres_spider,
m_Size,1,
m_IsTickTriggerValid,True,
m_IsStressTriggerValid,True,
m_IsStallCounted,True,
m_ClearContainerTypes,BuffContainer,TokenContainer,DotContainer,
element_end
element_start,coven_mothers_spitter,ActorDataStats
key_map,health_max,speed,speed_number_of_turns,
add_stats,18,5,1,
sub_stat,resistance,stun,0.4,
sub_stat,resistance,blight,0.6,
sub_stat,resistance,bleed,0.3,
sub_stat,resistance,burn,0.2,
sub_stat,resistance,disease,0.1,
sub_stat,resistance,move,0.2,
sub_stat,resistance,debuff,0.1,
sub_stat,resistance,death,0,
element_end
element_start,coven_mothers_spitter,ActorDataEffects
spawn_effects,move_forward_3,add_2_dodge_plus,mothers_spitter_pos_token_copy_fake_tooltip_e,
change_class_effects,move_forward_3,add_2_dodge_plus,mothers_spitter_pos_token_copy_fake_tooltip_e,
turn_skip_effects,stun_temp_resist_buff_e,
actor_effect_triggers,mothers_spitter_pos_token_copy_manager_aet,mothers_spitter_clear_heal_debuff_aet,
element_end
element_start,mothers_spitter_bite,ActorDataSkill
m_IsFriendly,False,
launch_ranks,1,
target_ranks,1,2,3,4,
m_IsMultiHit,False,
m_AllConditionIds,target_has_daze_token,
m_CanBeRiposted,True,
m_AverageRankIgnored,False,
m_IsForced,True,
m_IsBlockPass,True,
m_ValidActOutTypes,skill_before,skill_after,skill_additional,
m_Tags,melee,mothers_spitter_bite,
m_IsStallInvalidating,False,
element_end
element_start,mothers_spitter_bite,ActorDataStats
key_map,health_damage,health_damage_range,crit_chance,
add_stats,6,3,0.1,
element_end
element_start,mothers_spitter_bite,ActorDataEffects
target_effects,skill_dot_small_blight,add_1_daze,
element_end
element_start,mothers_spitter_spit,ActorDataSkill
m_IsFriendly,False,
launch_ranks,1,2,3,4,
target_ranks,1,2,3,4,
m_IsMultiHit,False,
m_CanBeRiposted,True,
m_AverageRankIgnored,False,
m_ValidActOutTypes,skill_before,skill_after,skill_additional,
m_Tags,ranged,mothers_spitter_spit,
m_IsStallInvalidating,False,
element_end
element_start,mothers_spitter_spit,ActorDataStats
key_map,health_damage,health_damage_range,crit_chance,
add_stats,4,3,0.2,
element_end
element_start,mothers_spitter_spit,ActorDataEffects
target_effects,skill_dot_large_blight,add_1_blind,
performer_effects,move_forward_1,
element_end
