element_start,coven_cauldron,ActorDataClass
m_Tags,monster,coven,cauldron,brain_blessing,lungs_blessing,eyes_blessing,arms_blessing,final_blessing,
m_Size,1,
m_IsTickTriggerValid,True,
m_IsStressTriggerValid,True,
m_ResistAlwaysIds,stun,bleed,
m_IsStallCounted,True,
element_end
element_start,coven_cauldron,ActorDataStats
key_map,health_max,speed,speed_number_of_turns,
add_stats,32,-10,1,
sub_stat,resistance,stun,2,
sub_stat,resistance,blight,0.5,
sub_stat,resistance,bleed,2,
sub_stat,resistance,burn,0.75,
sub_stat,resistance,disease,0.1,
sub_stat,resistance,move,0.4,
sub_stat,resistance,debuff,0.5,
sub_stat,resistance,death,0,
element_end
element_start,coven_cauldron,ActorDataEffects
spawn_effects,gen_debuff_immune_to_positive_tokens_e,cauldron_death_fake_tooltip_e,
turn_skip_effects,stun_temp_resist_buff_e,
actor_effect_triggers,cauldron_death_token_copy_front_aet,cauldron_death_token_copy_back_aet,cauldron_death_damage_aet,
combat_start_apply_limit_effects,add_1_cauldron_burn,add_1_cauldron_bubble,
combat_start_apply_limit,1,
round_start_effects,invert_cauldron_state,
element_end
element_start,cauldron_buff,ActorDataSkill
m_IsFriendly,True,
launch_ranks,1,2,3,4,
target_ranks,1,2,3,4,
m_IsMultiHit,True,
m_AllConditionIds,performer_has_cauldron_bubble,target_is_not_corpse_hidden,
m_AverageRankIgnored,False,
m_Tags,cauldron_buff,
m_IsStallInvalidating,False,
element_end
element_start,cauldron_buff,ActorDataEffects
target_effects,custode_herbs_friendly,dedicant_herbs_friendly,virago_herbs_friendly,
target_apply_limit_effects,add_1_strength,add_1_strength,add_1_block,add_1_block_plus_50pct,add_1_crit_25pct,
target_apply_limit,1,
element_end
element_start,cauldron_debuff,ActorDataSkill
m_IsFriendly,False,
launch_ranks,1,2,3,4,
target_ranks,1,2,3,4,
m_IsMultiHit,True,
m_AllConditionIds,performer_has_cauldron_burn,
m_CanBeRiposted,True,
m_AverageRankIgnored,False,
m_ValidActOutTypes,skill_before,skill_after,skill_additional,
token_ignores,til_ignore_taunt,
m_Tags,ranged,cauldron_debuff,
performer_buffs,custode_herbs_hostile,custode_herbs_hostile_range,
m_IsStallInvalidating,False,
element_end
element_start,cauldron_debuff,ActorDataStats
key_map,health_damage,health_damage_range,crit_chance,
add_stats,0,1,0.05,
element_end
element_start,cauldron_debuff,ActorDataEffects
target_effects,skill_dot_small_burn,dedicant_herbs_hostile,
element_end
element_start,cauldron_self_destruct,ActorDataSkill
m_IsFriendly,False,
launch_ranks,1,2,3,4,
target_ranks,1,2,3,4,
m_IsMultiHit,True,
m_AllConditionIds,cauldron_is_last_man_standing,
m_CanBeRiposted,True,
m_AverageRankIgnored,False,
m_IsForced,True,
m_IsBlockPass,True,
m_ValidActOutTypes,skill_before,skill_after,skill_additional,
token_ignores,til_ignore_taunt,
m_Tags,ranged,cauldron_self_destruct,
m_IsStallInvalidating,False,
element_end
element_start,cauldron_self_destruct,ActorDataStats
key_map,health_damage,health_damage_range,crit_chance,
add_stats,4,4,0.05,
element_end
element_start,cauldron_self_destruct,ActorDataEffects
target_effects,stress_damage_1,stress_damage_1_50pct,
performer_after_target_effects,instant_kill,
element_end
