element_start,coven_custode_corpse,ActorDataClass
m_Tags,corpse,monster,
m_IsBattleComplete,True,
m_ClearContainerTypes,BuffContainer,TokenContainer,DotContainer,
m_Size,2,
m_IgnoredSkillAttributeTypes,TOKEN_ADD,BUFF_ADD,QUIRK_ADD,
m_IsTickTriggerValid,False,
m_SkillBlockId,corpse,
m_DeathRound,3,
m_TokenViewValid,False,
m_IsEffectsReasonValid,False,
element_end
element_start,coven_custode_corpse,ActorDataStats
key_map,health_max,
add_stats,18,
sub_stat,resistance,stun,0.4,
sub_stat,resistance,blight,0.4,
sub_stat,resistance,bleed,0.3,
sub_stat,resistance,burn,0.2,
sub_stat,resistance,disease,0.1,
sub_stat,resistance,move,0.6,
sub_stat,resistance,debuff,0.3,
element_end
element_start,coven_custode,ActorDataClass
m_Tags,monster,coven,brain_blessing,lungs_blessing,eyes_blessing,arms_blessing,final_blessing,
m_Size,2,
m_IsTickTriggerValid,True,
m_IsStressTriggerValid,True,
m_IsStallCounted,True,
m_ClearContainerTypes,BuffContainer,TokenContainer,
m_DeathLootIds,custode_rewards_all,
element_end
element_start,coven_custode,ActorDataStats
key_map,health_max,speed,speed_number_of_turns,
add_stats,40,1,1,
sub_stat,resistance,stun,0.4,
sub_stat,resistance,blight,0.4,
sub_stat,resistance,bleed,0.3,
sub_stat,resistance,burn,0.2,
sub_stat,resistance,disease,0.1,
sub_stat,resistance,move,0.6,
sub_stat,resistance,debuff,0.3,
sub_stat,resistance,death,0,
element_end
element_start,coven_custode,ActorDataEffects
spawn_effects,add_1_block,add_1_block_plus_50pct,custode_heal_to_stress_manager_e,
change_class_effects,move_forward_3,add_1_block,add_1_block_plus_50pct,custode_heal_to_stress_manager_e,
turn_skip_effects,stun_temp_resist_buff_e,
round_start_effects,add_1_logic_temp_if_custode_herbs_present,
element_end
element_start,coven_custode,ActorDataExternalBuffs
buffs,next_attack_clears_next_attack_on_hit_buffs,
element_end
element_start,custode_melee_1,ActorDataSkill
m_IsFriendly,False,
launch_ranks,1,
target_ranks,1,2,
m_IsMultiHit,False,
m_Cooldown,1,
m_CanBeRiposted,True,
m_AverageRankIgnored,False,
m_IsForced,True,
m_IsBlockPass,True,
m_ValidActOutTypes,skill_before,skill_after,skill_additional,
m_Tags,melee,custode_melee_1,
m_IsStallInvalidating,False,
element_end
element_start,custode_melee_1,ActorDataStats
key_map,health_damage,health_damage_range,crit_chance,
add_stats,8,4,0.05,
element_end
element_start,custode_melee_1,ActorDataEffects
target_effects,add_1_daze,
element_end
element_start,custode_melee_2,ActorDataSkill
m_IsFriendly,False,
launch_ranks,1,2,
target_ranks,1,2,
m_IsMultiHit,True,
m_RandomSelectChance,1,
m_CanBeRiposted,True,
m_AverageRankIgnored,False,
m_ValidActOutTypes,skill_before,skill_after,skill_additional,
m_Tags,melee,custode_melee_2,
m_IsStallInvalidating,False,
element_end
element_start,custode_melee_2,ActorDataStats
key_map,health_damage,health_damage_range,crit_chance,
add_stats,6,3,0.05,
element_end
element_start,custode_melee_2,ActorDataEffects
performer_effects,remove_all_heartwood_buffs,move_forward_1,
performer_per_target_effects,custode_smackdown_heartwood_dmg_1,custode_smackdown_heartwood_dmg_2,custode_smackdown_heartwood_dmg_3,custode_smackdown_heartwood_dmg_4,custode_smackdown_heartwood_dmg_5,
element_end
element_start,custode_momentum,ActorDataSkill
m_IsFriendly,False,
launch_ranks,4,
target_ranks,1,2,
m_IsMultiHit,False,
m_RandomSelectChance,1,
m_CanBeRiposted,True,
m_AverageRankIgnored,False,
m_ValidActOutTypes,skill_before,skill_after,skill_additional,
m_Tags,melee,custode_momentum,
m_IsStallInvalidating,False,
element_end
element_start,custode_momentum,ActorDataStats
key_map,health_damage,health_damage_range,crit_chance,
add_stats,5,3,0.05,
element_end
element_start,custode_momentum,ActorDataEffects
performer_effects,add_1_speed,move_forward_1,
on_hit_as_performer_to_performer_effects,hot_heal_large,
element_end
element_start,custode_add_herbs,ActorDataSkill
m_IsFriendly,True,
launch_ranks,1,2,3,4,
target_ranks,1,2,3,4,
m_IsMultiHit,False,
m_Cooldown,1,
m_RandomSelectChance,2,
m_AllConditionIds,target_is_cauldron,target_no_custode_herbs,performer_initiative_3_or_earlier,performer_no_logic_temporary,
m_AverageRankIgnored,False,
m_Tags,custode_add_herbs,
m_IsStallInvalidating,False,
element_end
element_start,custode_add_herbs,ActorDataEffects
target_effects,add_1_coven_custode_herbs,
element_end
