element_start,coven_matres_spider,ActorDataClass
m_Tags,monster,coven,boss,matres_spider,
m_Size,1,
m_IsTickTriggerValid,True,
m_IsStressTriggerValid,True,
m_IsStallCounted,True,
element_end
element_start,coven_matres_spider,ActorDataStats
key_map,health_max,speed,speed_number_of_turns,
add_stats,75,7,1,
sub_stat,resistance,stun,0.1,
sub_stat,resistance,blight,0.1,
sub_stat,resistance,bleed,0.1,
sub_stat,resistance,burn,0.1,
sub_stat,resistance,disease,0.1,
sub_stat,resistance,move,0.1,
sub_stat,resistance,debuff,0.1,
sub_stat,resistance,death,0,
element_end
element_start,coven_matres_spider,ActorDataEffects
turn_skip_effects,stun_temp_resist_buff_e,
element_end
element_start,matres_spider_attack_1,ActorDataSkill
m_IsFriendly,False,
launch_ranks,1,2,3,4,
target_ranks,1,2,3,4,
m_IsMultiHit,False,
m_CanBeRiposted,True,
m_AverageRankIgnored,False,
m_ValidActOutTypes,skill_before,skill_after,skill_additional,
m_Tags,ranged,matres_spider_attack_1,
m_IsStallInvalidating,False,
element_end
element_start,matres_spider_attack_1,ActorDataStats
key_map,health_damage,health_damage_range,crit_chance,
add_stats,2,2,0.05,
element_end
element_start,matres_spider_attack_2,ActorDataSkill
m_IsFriendly,False,
launch_ranks,1,2,3,4,
target_ranks,1,2,3,4,
m_IsMultiHit,False,
m_CanBeRiposted,True,
m_AverageRankIgnored,False,
m_ValidActOutTypes,skill_before,skill_after,skill_additional,
m_Tags,ranged,matres_spider_attack_2,
m_IsStallInvalidating,False,
element_end
element_start,matres_spider_attack_2,ActorDataStats
key_map,health_damage,health_damage_range,crit_chance,
add_stats,2,2,0.05,
element_end
element_start,matres_spider_attack_3,ActorDataSkill
m_IsFriendly,False,
launch_ranks,1,2,3,4,
target_ranks,1,2,3,4,
m_IsMultiHit,False,
m_CanBeRiposted,True,
m_AverageRankIgnored,False,
m_ValidActOutTypes,skill_before,skill_after,skill_additional,
m_Tags,ranged,matres_spider_attack_3,
m_IsStallInvalidating,False,
element_end
element_start,matres_spider_attack_3,ActorDataStats
key_map,health_damage,health_damage_range,crit_chance,
add_stats,2,2,0.05,
element_end
