element_start,ablative_powders,ActorDataSkill
m_IsFriendly,True,
m_IsFriendlySelfTargetValid,True,
launch_ranks,1,2,3,4,
target_ranks,1,2,3,4,
m_IsMultiHit,False,
m_Cooldown,1,
m_IsFreeAction,True,
m_AllConditionIds,target_is_not_corpse_hidden,
m_AverageRankIgnored,True,
m_Tags,ablative_powders,combat_item,
m_IsStallInvalidating,False,
element_end
element_start,ablative_powders,ActorDataEffects
target_effects,item_effect_ablative_powders,ablative_powders_aet_e,
element_end
element_start,adrenaline_tonic,ActorDataSkill
m_IsFriendly,True,
m_IsFriendlySelfTargetValid,True,
launch_ranks,1,2,3,4,
target_ranks,1,2,3,4,
m_IsMultiHit,False,
m_Cooldown,1,
m_IsFreeAction,True,
m_AverageRankIgnored,True,
m_Tags,heal,adrenaline_tonic,combat_item,
m_IsStallInvalidating,False,
element_end
element_start,adrenaline_tonic,ActorDataEffects
target_effects,heal_amount_18,stress_damage_1,
element_end
element_start,antivenom,ActorDataSkill
m_IsFriendly,True,
m_IsFriendlySelfTargetValid,True,
launch_ranks,1,2,3,4,
target_ranks,1,2,3,4,
m_IsMultiHit,False,
m_Cooldown,1,
m_IsFreeAction,True,
m_AllConditionIds,target_has_blight_dot_hidden,
m_AverageRankIgnored,True,
m_Tags,heal,antivenom,combat_item,
m_IsStallInvalidating,False,
element_end
element_start,antivenom,ActorDataEffects
target_effects,remove_all_blight,heal_amount_5,
element_end
element_start,bandages,ActorDataSkill
m_IsFriendly,True,
m_IsFriendlySelfTargetValid,True,
launch_ranks,1,2,3,4,
target_ranks,1,2,3,4,
m_IsMultiHit,False,
m_Cooldown,1,
m_IsFreeAction,True,
m_AllConditionIds,target_has_bleed_dot_hidden,
m_AverageRankIgnored,True,
m_Tags,heal,bandages,combat_item,
m_IsStallInvalidating,False,
element_end
element_start,bandages,ActorDataEffects
target_effects,remove_all_bleed,heal_amount_5,
element_end
element_start,bear_trap,ActorDataSkill
m_IsFriendly,False,
launch_ranks,1,2,3,4,
target_ranks,1,2,3,4,
m_IsMultiHit,False,
m_Cooldown,1,
m_IsFreeAction,True,
m_AverageRankIgnored,True,
token_ignores,til_nondamaging_attack,
m_Tags,bear_trap,combat_item,
m_IsStallInvalidating,False,
element_end
element_start,bear_trap,ActorDataStats
key_map,crit_chance,
add_stats,0,
element_end
element_start,bear_trap,ActorDataEffects
target_effects,add_1_immobilize,skill_dot_medium_bleed,
element_end
element_start,bone_saw,ActorDataSkill
m_IsFriendly,False,
launch_ranks,1,
target_ranks,1,
m_IsMultiHit,False,
m_Cooldown,1,
m_IsFreeAction,True,
m_CanBeRiposted,True,
m_AverageRankIgnored,True,
token_ignores,til_damaging_combat_item,
m_Tags,bone_saw,combat_item,
m_IsStallInvalidating,False,
element_end
element_start,bone_saw,ActorDataStats
key_map,health_damage,health_damage_range,crit_chance,
add_stats,6,6,0.1,
element_end
element_start,bone_saw,ActorDataEffects
target_effects,skill_dot_very_large_bleed,
element_end
element_start,burn_salve,ActorDataSkill
m_IsFriendly,True,
m_IsFriendlySelfTargetValid,True,
launch_ranks,1,2,3,4,
target_ranks,1,2,3,4,
m_IsMultiHit,False,
m_Cooldown,1,
m_IsFreeAction,True,
m_AllConditionIds,target_has_burn_dot_hidden,
m_AverageRankIgnored,True,
m_Tags,heal,burn_salve,combat_item,
m_IsStallInvalidating,False,
element_end
element_start,burn_salve,ActorDataEffects
target_effects,remove_all_burn,heal_amount_5,
element_end
element_start,crows_feet,ActorDataSkill
m_IsFriendly,False,
launch_ranks,1,2,3,4,
target_ranks,1,2,3,4,
m_IsMultiHit,True,
m_Cooldown,1,
m_IsFreeAction,True,
m_AverageRankIgnored,True,
token_ignores,til_nondamaging_attack,
m_Tags,crows_feet,combat_item,
m_IsStallInvalidating,False,
element_end
element_start,crows_feet,ActorDataStats
key_map,crit_chance,
add_stats,0,
element_end
element_start,crows_feet,ActorDataEffects
target_effects,skill_dot_very_small_bleed,item_effect_crows_feet_move_resist_debuff,item_effect_crows_feet_speed_debuff,
element_end
element_start,chalk_dust,ActorDataSkill
m_IsFriendly,False,
launch_ranks,1,2,3,4,
target_ranks,1,2,3,4,
m_IsMultiHit,True,
m_Cooldown,1,
m_IsFreeAction,True,
m_AverageRankIgnored,True,
token_ignores,til_ignore_stealth,til_nondamaging_attack,til_ignore_crit,
m_Tags,chalk_dust,combat_item,
m_IsStallInvalidating,False,
element_end
element_start,chalk_dust,ActorDataStats
key_map,crit_chance,
add_stats,0,
element_end
element_start,chalk_dust,ActorDataEffects
target_effects,remove_all_stealth,remove_anti_stealth_debuff,anti_stealth_2_rounds_e,add_debuff_chalk_dust,
element_end
element_start,clotting_powders,ActorDataSkill
m_IsFriendly,True,
m_IsFriendlySelfTargetValid,True,
launch_ranks,1,2,3,4,
target_ranks,1,2,3,4,
m_IsMultiHit,False,
m_Cooldown,1,
m_IsFreeAction,True,
m_AllConditionIds,target_is_not_corpse_hidden,
m_AverageRankIgnored,True,
m_Tags,clotting_powders,combat_item,
m_IsStallInvalidating,False,
element_end
element_start,clotting_powders,ActorDataEffects
target_effects,item_effect_clotting_powders,clotting_powders_aet_e,
element_end
element_start,death_cap_spores,ActorDataSkill
m_IsFriendly,False,
launch_ranks,1,2,3,4,
target_ranks,1,2,3,4,
m_IsMultiHit,False,
m_Cooldown,1,
m_IsFreeAction,True,
m_AverageRankIgnored,True,
token_ignores,til_nondamaging_attack,
m_Tags,death_cap_spores,combat_item,
m_IsStallInvalidating,False,
element_end
element_start,death_cap_spores,ActorDataStats
key_map,
add_stats,
element_end
element_start,death_cap_spores,ActorDataEffects
target_effects,remove_1_deaths_door_armor,item_effect_blight_res_debuff,
element_end
element_start,fire_bomb,ActorDataSkill
m_IsFriendly,False,
launch_ranks,1,2,3,4,
target_ranks,1,2,3,4,
m_IsMultiHit,False,
m_Cooldown,1,
m_IsFreeAction,True,
m_AverageRankIgnored,True,
token_ignores,til_nondamaging_attack,
m_Tags,fire_bomb,combat_item,
m_IsStallInvalidating,False,
element_end
element_start,fire_bomb,ActorDataStats
key_map,crit_chance,
add_stats,0,
element_end
element_start,fire_bomb,ActorDataEffects
target_effects,skill_dot_very_large_burn,
element_end
element_start,fire_grenade,ActorDataSkill
m_IsFriendly,False,
launch_ranks,1,2,3,4,
target_ranks,1,2,3,4,
m_IsMultiHit,True,
m_Cooldown,1,
m_IsFreeAction,True,
m_AverageRankIgnored,True,
token_ignores,til_nondamaging_attack,
m_Tags,fire_grenade,combat_item,
m_IsStallInvalidating,False,
element_end
element_start,fire_grenade,ActorDataStats
key_map,crit_chance,
add_stats,0,
element_end
element_start,fire_grenade,ActorDataEffects
target_effects,skill_dot_medium_burn,
element_end
element_start,fishermans_net,ActorDataSkill
m_IsFriendly,False,
launch_ranks,1,2,3,4,
target_ranks,1,2,3,4,
m_IsMultiHit,False,
m_Cooldown,1,
m_IsFreeAction,True,
m_AllConditionIds,target_is_not_corpse_hidden,
m_AverageRankIgnored,True,
token_ignores,til_nondamaging_attack,
m_Tags,fishermans_net,combat_item,
m_IsStallInvalidating,False,
element_end
element_start,fishermans_net,ActorDataStats
key_map,crit_chance,
add_stats,0,
element_end
element_start,fishermans_net,ActorDataEffects
target_effects,add_2_immobilize,item_effect_fishermans_net_debuff,item_effect_bleed_res_debuff,
element_end
element_start,holy_water,ActorDataSkill
m_IsFriendly,True,
m_IsFriendlySelfTargetValid,True,
launch_ranks,1,2,3,4,
target_ranks,1,2,3,4,
m_IsMultiHit,False,
m_Cooldown,1,
m_IsFreeAction,True,
m_AnyConditionIds,target_is_combo_primed_hidden,target_has_negative_token_hidden,
m_AverageRankIgnored,True,
m_Tags,holy_water,combat_item,
m_IsStallInvalidating,False,
element_end
element_start,holy_water,ActorDataEffects
target_effects,destroy_all_negative_tokens,remove_all_combo_visible,
element_end
element_start,ichor_bomb,ActorDataSkill
m_IsFriendly,False,
launch_ranks,1,2,3,4,
target_ranks,1,2,3,4,
m_IsMultiHit,False,
m_Cooldown,1,
m_IsFreeAction,True,
m_AverageRankIgnored,True,
token_ignores,til_nondamaging_attack,
m_Tags,ichor_bomb,combat_item,
m_IsStallInvalidating,False,
element_end
element_start,ichor_bomb,ActorDataStats
key_map,crit_chance,
add_stats,0,
element_end
element_start,ichor_bomb,ActorDataEffects
target_effects,skill_dot_very_large_blight,
element_end
element_start,invigorating_intoxicant,ActorDataSkill
m_IsFriendly,True,
m_IsFriendlySelfTargetValid,True,
launch_ranks,1,2,3,4,
target_ranks,1,2,3,4,
m_IsMultiHit,False,
m_Cooldown,1,
m_IsFreeAction,True,
m_AllConditionIds,target_is_not_corpse_hidden,
m_AverageRankIgnored,True,
m_Tags,invigorating_intoxicant,combat_item,
m_IsStallInvalidating,False,
element_end
element_start,invigorating_intoxicant,ActorDataEffects
target_effects,remove_all_weak,item_effect_invigorating_intoxicant,item_effect_invigorating_intoxicant_weak_block,
element_end
element_start,laudanum,ActorDataSkill
m_IsFriendly,True,
m_IsFriendlySelfTargetValid,True,
launch_ranks,1,2,3,4,
target_ranks,1,2,3,4,
m_IsMultiHit,False,
m_Cooldown,1,
m_IsFreeAction,True,
m_AnyConditionIds,target_has_horror_hidden,target_has_stress_hidden,
m_AverageRankIgnored,True,
m_Tags,stress_heal,laudanum,combat_item,
m_IsStallInvalidating,False,
element_end
element_start,laudanum,ActorDataEffects
target_effects,stress_heal_1,remove_all_horror,
element_end
element_start,medicinal_herbs,ActorDataSkill
m_IsFriendly,True,
m_IsFriendlySelfTargetValid,True,
launch_ranks,1,2,3,4,
target_ranks,1,2,3,4,
m_IsMultiHit,False,
m_Cooldown,1,
m_IsFreeAction,True,
m_AnyConditionIds,target_has_bleed_dot_hidden,target_has_blight_dot_hidden,target_has_burn_dot_hidden,
m_AverageRankIgnored,True,
m_Tags,heal,medicinal_herbs,combat_item,
m_IsStallInvalidating,False,
element_end
element_start,medicinal_herbs,ActorDataEffects
target_effects,remove_all_bleed,remove_all_blight,remove_all_burn,
element_end
element_start,neutralizing_powders,ActorDataSkill
m_IsFriendly,True,
m_IsFriendlySelfTargetValid,True,
launch_ranks,1,2,3,4,
target_ranks,1,2,3,4,
m_IsMultiHit,False,
m_Cooldown,1,
m_IsFreeAction,True,
m_AllConditionIds,target_is_not_corpse_hidden,
m_AverageRankIgnored,True,
m_Tags,neutralizing_powders,combat_item,
m_IsStallInvalidating,False,
element_end
element_start,neutralizing_powders,ActorDataEffects
target_effects,item_effect_neutralizing_powders,neutralizing_powders_aet_e,
element_end
element_start,noisemaker,ActorDataSkill
m_IsFriendly,True,
m_IsFriendlySelfTargetValid,True,
launch_ranks,1,2,3,4,
target_ranks,1,2,3,4,
m_IsMultiHit,False,
m_Cooldown,1,
m_IsFreeAction,True,
m_AllConditionIds,target_is_not_corpse_hidden,
m_AverageRankIgnored,True,
m_Tags,noisemaker,combat_item,
m_IsStallInvalidating,False,
element_end
element_start,noisemaker,ActorDataEffects
target_effects,add_2_taunt_nr,add_1_block,
element_end
element_start,oil_flask,ActorDataSkill
m_IsFriendly,False,
launch_ranks,1,2,3,4,
target_ranks,1,2,3,4,
m_IsMultiHit,False,
m_Cooldown,1,
m_IsFreeAction,True,
m_AllConditionIds,target_is_not_corpse_hidden,
m_AverageRankIgnored,True,
token_ignores,til_nondamaging_attack,
m_Tags,oil_flask,combat_item,
m_IsStallInvalidating,False,
element_end
element_start,oil_flask,ActorDataStats
key_map,crit_chance,
add_stats,0,
element_end
element_start,oil_flask,ActorDataEffects
target_effects,item_effect_linseed_oil,item_effect_burn_res_debuff,add_1_daze_20pct,
element_end
element_start,pouch_of_lye,ActorDataSkill
m_IsFriendly,False,
launch_ranks,1,2,3,4,
target_ranks,1,2,3,4,
m_IsMultiHit,True,
m_Cooldown,1,
m_IsFreeAction,True,
m_AllConditionIds,target_is_corpse_hidden,
m_AverageRankIgnored,True,
token_ignores,til_nondamaging_attack,til_ignore_crit,
m_Tags,pouch_of_lye,combat_item,
m_IsStallInvalidating,False,
element_end
element_start,pouch_of_lye,ActorDataStats
key_map,
add_stats,
element_end
element_start,pouch_of_lye,ActorDataEffects
target_effects,clear_corpse,
on_hit_as_performer_to_performer_effects,stress_heal_1_if_target_is_corpse,
element_end
element_start,pyrotechnic_dazzler,ActorDataSkill
m_IsFriendly,False,
launch_ranks,1,2,3,4,
target_ranks,1,2,3,4,
m_IsMultiHit,False,
m_Cooldown,1,
m_IsFreeAction,True,
m_AllConditionIds,target_is_not_corpse_hidden,
m_AverageRankIgnored,True,
token_ignores,til_nondamaging_attack,
m_Tags,pyrotechnic_dazzler,combat_item,
m_IsStallInvalidating,False,
element_end
element_start,pyrotechnic_dazzler,ActorDataStats
key_map,crit_chance,
add_stats,0,
element_end
element_start,pyrotechnic_dazzler,ActorDataEffects
target_apply_limit_effects,add_1_blind,add_1_daze,add_1_stun,add_1_vulnerable,item_effect_pyrotechnic_dazzler_debuff,
target_apply_limit,2,
element_end
element_start,rag,ActorDataSkill
m_IsFriendly,True,
m_IsFriendlySelfTargetValid,True,
launch_ranks,1,2,3,4,
target_ranks,1,2,3,4,
m_IsMultiHit,False,
m_Cooldown,1,
m_IsFreeAction,True,
m_AllConditionIds,target_has_blind_token_hidden,
m_AverageRankIgnored,True,
m_Tags,rag,combat_item,
m_IsStallInvalidating,False,
element_end
element_start,rag,ActorDataEffects
target_effects,remove_all_blind,
element_end
element_start,scrap_grenade,ActorDataSkill
m_IsFriendly,False,
launch_ranks,1,2,3,4,
target_ranks,1,2,3,4,
m_IsMultiHit,True,
m_Cooldown,1,
m_IsFreeAction,True,
m_AverageRankIgnored,True,
token_ignores,til_nondamaging_attack,
m_Tags,scrap_grenade,combat_item,
m_IsStallInvalidating,False,
element_end
element_start,scrap_grenade,ActorDataStats
key_map,crit_chance,
add_stats,0,
element_end
element_start,scrap_grenade,ActorDataEffects
target_effects,skill_dot_medium_bleed,
element_end
element_start,shimmering_powder,ActorDataSkill
m_IsFriendly,True,
m_IsFriendlySelfTargetValid,True,
launch_ranks,1,2,3,4,
target_ranks,1,2,3,4,
m_IsMultiHit,False,
m_Cooldown,1,
m_IsFreeAction,True,
m_AllConditionIds,target_is_not_corpse_hidden,
m_AverageRankIgnored,True,
m_Tags,shimmering_powder,combat_item,
m_IsStallInvalidating,False,
element_end
element_start,shimmering_powder,ActorDataEffects
target_effects,add_2_stealth,item_effect_shimmering_powder_buff,
element_end
element_start,single_leech,ActorDataSkill
m_IsFriendly,True,
m_IsFriendlySelfTargetValid,True,
launch_ranks,1,2,3,4,
target_ranks,1,2,3,4,
m_IsMultiHit,False,
m_Cooldown,1,
m_IsFreeAction,True,
m_AllConditionIds,target_is_not_corpse_hidden,target_is_diseased_hidden,
m_AverageRankIgnored,True,
m_Tags,single_leech,combat_item,
m_IsStallInvalidating,False,
element_end
element_start,single_leech,ActorDataEffects
target_effects,remove_1_disease,skill_dot_small_bleed,
element_end
element_start,smelling_salts,ActorDataSkill
m_IsFriendly,True,
m_IsFriendlySelfTargetValid,True,
launch_ranks,1,2,3,4,
target_ranks,1,2,3,4,
m_IsMultiHit,False,
m_Cooldown,1,
m_IsFreeAction,True,
m_AllConditionIds,target_is_not_corpse_hidden,
m_AverageRankIgnored,True,
m_Tags,smelling_salts,combat_item,
m_IsStallInvalidating,False,
element_end
element_start,smelling_salts,ActorDataEffects
target_effects,remove_1_daze,remove_1_stun,add_1_dodge,
element_end
element_start,smoke_bomb,ActorDataSkill
m_IsFriendly,False,
launch_ranks,1,2,3,4,
target_ranks,1,2,3,4,
m_IsMultiHit,False,
m_Cooldown,1,
m_IsFreeAction,True,
m_AverageRankIgnored,True,
token_ignores,til_nondamaging_attack,
m_Tags,smoke_bomb,combat_item,
m_IsStallInvalidating,False,
element_end
element_start,smoke_bomb,ActorDataStats
key_map,crit_chance,
add_stats,0,
element_end
element_start,smoke_bomb,ActorDataEffects
target_effects,add_2_blind,
element_end
element_start,spiked_ball,ActorDataSkill
m_IsFriendly,False,
launch_ranks,1,2,3,4,
target_ranks,1,2,3,4,
m_IsMultiHit,False,
m_Cooldown,1,
m_IsFreeAction,True,
m_AverageRankIgnored,True,
token_ignores,til_nondamaging_attack,
m_Tags,spiked_ball,combat_item,
m_IsStallInvalidating,False,
element_end
element_start,spiked_ball,ActorDataStats
key_map,crit_chance,
add_stats,0,
element_end
element_start,spiked_ball,ActorDataEffects
target_effects,skill_dot_very_large_bleed,
element_end
element_start,stimulants,ActorDataSkill
m_IsFriendly,True,
m_IsFriendlySelfTargetValid,True,
launch_ranks,1,2,3,4,
target_ranks,1,2,3,4,
m_IsMultiHit,False,
m_Cooldown,1,
m_IsFreeAction,True,
m_AllConditionIds,target_is_not_corpse_hidden,
m_AverageRankIgnored,True,
m_Tags,stimulants,combat_item,
m_IsStallInvalidating,False,
element_end
element_start,stimulants,ActorDataEffects
target_effects,item_effect_stimulants,add_1_strength,
element_end
element_start,thunderclap_grenade,ActorDataSkill
m_IsFriendly,False,
launch_ranks,1,2,3,4,
target_ranks,1,2,3,4,
m_IsMultiHit,True,
m_Cooldown,1,
m_IsFreeAction,True,
m_AverageRankIgnored,True,
token_ignores,til_nondamaging_attack,
m_Tags,thunderclap_grenade,combat_item,
m_IsStallInvalidating,False,
element_end
element_start,thunderclap_grenade,ActorDataStats
key_map,crit_chance,
add_stats,0,
element_end
element_start,thunderclap_grenade,ActorDataEffects
target_effects,move_shuffle,add_1_stun_25pct,
element_end
element_start,torch_consumable,ActorDataSkill
m_IsFriendly,True,
m_IsFriendlySelfTargetValid,True,
launch_ranks,1,2,3,4,
m_IsMultiHit,False,
m_Cooldown,1,
m_IsFreeAction,True,
m_AllConditionIds,target_is_not_corpse_hidden,
m_AverageRankIgnored,True,
m_Tags,torch_consumable,combat_item,
m_IsStallInvalidating,False,
element_end
element_start,torch_consumable,ActorDataEffects
target_effects,torch_heal_15,
element_end
element_start,toxic_ichor,ActorDataSkill
m_IsFriendly,False,
launch_ranks,1,2,3,4,
target_ranks,1,2,3,4,
m_IsMultiHit,True,
m_Cooldown,1,
m_IsFreeAction,True,
m_AverageRankIgnored,True,
token_ignores,til_nondamaging_attack,
m_Tags,toxic_ichor,combat_item,
m_IsStallInvalidating,False,
element_end
element_start,toxic_ichor,ActorDataStats
key_map,crit_chance,
add_stats,0,
element_end
element_start,toxic_ichor,ActorDataEffects
target_effects,item_effect_bleed_res_debuff,item_effect_blight_res_debuff,item_effect_burn_res_debuff,
element_end
element_start,toxic_spores,ActorDataSkill
m_IsFriendly,False,
launch_ranks,1,2,3,4,
target_ranks,1,2,3,4,
m_IsMultiHit,True,
m_Cooldown,1,
m_IsFreeAction,True,
m_AverageRankIgnored,True,
token_ignores,til_nondamaging_attack,
m_Tags,toxic_spores,combat_item,
m_IsStallInvalidating,False,
element_end
element_start,toxic_spores,ActorDataStats
key_map,crit_chance,
add_stats,0,
element_end
element_start,toxic_spores,ActorDataEffects
target_effects,skill_dot_medium_blight,
element_end
element_start,trephine_bur,ActorDataSkill
m_IsFriendly,True,
m_IsFriendlySelfTargetValid,True,
launch_ranks,1,2,3,4,
target_ranks,1,2,3,4,
m_IsMultiHit,False,
m_Cooldown,1,
m_IsFreeAction,True,
m_AllConditionIds,target_is_not_corpse_hidden,target_health_over_10pct_hidden,
m_AverageRankIgnored,True,
m_Tags,trephine_bur,combat_item,
m_IsStallInvalidating,False,
element_end
element_start,trephine_bur,ActorDataEffects
target_effects,convert_all_vulnerable_to_block,convert_all_blind_to_dodge,convert_all_weak_to_strength,convert_all_daze_to_speed,health_damage_10pct,
element_end
element_start,war_horn,ActorDataSkill
m_IsFriendly,True,
m_IsFriendlySelfTargetValid,True,
launch_ranks,1,2,3,4,
target_ranks,1,2,3,4,
m_IsMultiHit,True,
m_Cooldown,1,
m_IsFreeAction,True,
m_AverageRankIgnored,True,
m_Tags,war_horn,combat_item,
m_IsStallInvalidating,False,
element_end
element_start,war_horn,ActorDataEffects
target_effects,add_2_strength,
element_end
element_start,pustule_salve,ActorDataSkill
m_IsFriendly,True,
m_IsFriendlySelfTargetValid,True,
launch_ranks,1,2,3,4,
target_ranks,1,2,3,4,
m_IsMultiHit,False,
m_Cooldown,1,
m_IsFreeAction,True,
m_AverageRankIgnored,True,
m_Tags,heal,pustule_salve,combat_item,
m_IsStallInvalidating,False,
element_end
element_start,pustule_salve,ActorDataEffects
target_effects,remove_all_bleed,remove_all_blight,remove_all_burn,heal_25pct,
element_end
element_start,the_blood,ActorDataSkill
m_IsFriendly,True,
m_IsFriendlySelfTargetValid,True,
launch_ranks,1,2,3,4,
target_ranks,1,2,3,4,
m_IsMultiHit,False,
m_Cooldown,1,
m_IsFreeAction,True,
m_AllConditionIds,target_is_not_corpse_hidden,
m_AverageRankIgnored,True,
m_Tags,the_blood,combat_item,
m_IsStallInvalidating,False,
element_end
element_start,the_blood,ActorDataEffects
target_effects,add_1_crit,add_1_strength,add_1_speed,dot_horror_large,crimson_curse_wasting_to_passive_hidden,crimson_curse_craving_to_bloodlust_hidden,crimson_curse_passive_to_bloodlust_hidden,crimson_curse_nothing_to_passive_hidden,
element_end
element_start,otherworldly_fragment,ActorDataSkill
m_IsFriendly,False,
launch_ranks,1,2,3,4,
target_ranks,1,2,3,4,
m_IsMultiHit,False,
m_Cooldown,1,
m_IsFreeAction,True,
m_AverageRankIgnored,True,
token_ignores,til_nondamaging_attack,
m_Tags,otherworldly_fragment,combat_item,
m_IsStallInvalidating,False,
element_end
element_start,otherworldly_fragment,ActorDataStats
key_map,crit_chance,
add_stats,0,
element_end
element_start,otherworldly_fragment,ActorDataEffects
target_effects,skill_dot_very_large_burn,skill_dot_very_large_blight,
element_end
element_start,space_dust,ActorDataSkill
m_IsFriendly,True,
m_IsFriendlySelfTargetValid,True,
launch_ranks,1,2,3,4,
target_ranks,1,2,3,4,
m_IsMultiHit,False,
m_Cooldown,1,
m_IsFreeAction,True,
m_AllConditionIds,target_is_not_corpse_hidden,
m_AverageRankIgnored,True,
m_Tags,space_dust,combat_item,
m_IsStallInvalidating,False,
element_end
element_start,space_dust,ActorDataEffects
target_effects,clear_skill_cooldowns,
element_end
element_start,healing_consumable_1,ActorDataSkill
m_IsFriendly,True,
m_IsFriendlySelfTargetValid,True,
launch_ranks,1,2,3,4,
target_ranks,1,2,3,4,
m_IsMultiHit,False,
m_Cooldown,1,
m_IsFreeAction,True,
m_AverageRankIgnored,True,
m_Tags,heal,healing_consumable_1,combat_item,
m_IsStallInvalidating,False,
element_end
element_start,healing_consumable_1,ActorDataEffects
target_effects,heal_amount_12,
element_end
element_start,healing_consumable_2,ActorDataSkill
m_IsFriendly,True,
m_IsFriendlySelfTargetValid,True,
launch_ranks,1,2,3,4,
target_ranks,1,2,3,4,
m_IsMultiHit,False,
m_Cooldown,1,
m_IsFreeAction,True,
m_AverageRankIgnored,True,
m_Tags,heal,healing_consumable_2,combat_item,
m_IsStallInvalidating,False,
element_end
element_start,healing_consumable_2,ActorDataEffects
target_effects,heal_amount_27,
element_end
element_start,spring_water,ActorDataSkill
m_IsFriendly,True,
m_IsFriendlySelfTargetValid,True,
launch_ranks,1,2,3,4,
target_ranks,1,2,3,4,
m_IsMultiHit,False,
m_Cooldown,1,
m_IsFreeAction,True,
m_AverageRankIgnored,True,
m_Tags,heal,stress_heal,spring_water,combat_item,
m_IsStallInvalidating,False,
element_end
element_start,spring_water,ActorDataEffects
target_effects,stress_heal_3,heal_amount_5,
element_end
element_start,makeshift_javelin,ActorDataSkill
m_IsFriendly,False,
launch_ranks,2,3,4,
target_ranks,1,2,3,
m_IsMultiHit,False,
m_Cooldown,1,
m_IsFreeAction,True,
m_CanBeRiposted,True,
m_AverageRankIgnored,True,
token_ignores,til_damaging_combat_item,
m_Tags,makeshift_javelin,combat_item,
m_IsStallInvalidating,False,
element_end
element_start,makeshift_javelin,ActorDataStats
key_map,health_damage,health_damage_range,crit_chance,
add_stats,3,3,0.1,
element_end
element_start,makeshift_javelin,ActorDataEffects
target_effects,move_knockback_3,add_1_immobilize,
element_end
element_start,wilburs_flag,ActorDataSkill
m_IsFriendly,False,
launch_ranks,3,4,
target_ranks,1,2,
m_IsMultiHit,True,
m_Cooldown,1,
m_IsFreeAction,True,
m_AverageRankIgnored,True,
token_ignores,til_nondamaging_attack,
m_Tags,wilburs_flag,combat_item,
m_IsStallInvalidating,False,
element_end
element_start,wilburs_flag,ActorDataStats
key_map,crit_chance,
add_stats,0,
element_end
element_start,wilburs_flag,ActorDataEffects
target_effects,add_1_combo,add_1_vulnerable,
element_end
element_start,unnatural_pigment,ActorDataSkill
m_IsFriendly,False,
launch_ranks,1,2,3,4,
target_ranks,1,2,3,4,
m_IsMultiHit,False,
m_Cooldown,1,
m_IsFreeAction,True,
m_AllConditionIds,target_has_pos_copy_steal_tokens_hidden,
m_AverageRankIgnored,True,
token_ignores,til_unavoidable,til_ignore_dodge,til_nondamaging_attack,til_ignore_crit,
m_Tags,unnatural_pigment,combat_item,
m_IsStallInvalidating,False,
element_end
element_start,unnatural_pigment,ActorDataStats
key_map,
add_stats,
element_end
element_start,unnatural_pigment,ActorDataEffects
target_effects,copy_all_pos_copy_steal_tag_tokens,
element_end
element_start,shred_of_decency,ActorDataSkill
m_IsFriendly,False,
launch_ranks,1,2,3,4,
target_ranks,1,2,3,4,
m_IsMultiHit,False,
m_Cooldown,1,
m_IsFreeAction,True,
m_AverageRankIgnored,True,
token_ignores,til_nondamaging_attack,til_ignore_crit,
m_Tags,shred_of_decency,combat_item,
m_IsStallInvalidating,False,
element_end
element_start,shred_of_decency,ActorDataStats
key_map,
add_stats,
element_end
element_start,shred_of_decency,ActorDataEffects
target_effects,add_debuff_shred_of_decency,remove_all_worship,
element_end
element_start,beastmen_bell,ActorDataSkill
m_IsFriendly,True,
launch_ranks,1,2,3,4,
target_ranks,1,2,3,4,
m_IsMultiHit,False,
m_Cooldown,3,
m_IsFreeAction,True,
m_AverageRankIgnored,True,
m_Tags,beastmen_bell,combat_item,
m_IsStallInvalidating,False,
element_end
element_start,beastmen_bell,ActorDataEffects
target_effects,add_2_strength,stress_damage_1,
performer_effects,add_3_block,stress_damage_1,
element_end
element_start,beastmen_horn,ActorDataSkill
m_IsFriendly,True,
m_IsFriendlySelfTargetValid,True,
launch_ranks,1,2,3,4,
target_ranks,1,2,3,4,
m_IsMultiHit,False,
m_Cooldown,3,
m_IsFreeAction,True,
m_AverageRankIgnored,True,
m_Tags,beastmen_horn,combat_item,
m_IsStallInvalidating,False,
element_end
element_start,beastmen_horn,ActorDataEffects
target_effects,health_damage_8,gen_buff_crit_10pct_e,add_1_strength,
element_end
element_start,beastmen_hatchet,ActorDataSkill
m_IsFriendly,False,
launch_ranks,1,2,3,4,
target_ranks,1,2,3,4,
m_IsMultiHit,False,
m_Cooldown,1,
m_IsFreeAction,True,
m_CanBeRiposted,True,
m_AverageRankIgnored,True,
token_ignores,til_damaging_combat_item,
m_Tags,beastmen_hatchet,combat_item,
m_IsStallInvalidating,False,
element_end
element_start,beastmen_hatchet,ActorDataStats
key_map,health_damage,health_damage_range,crit_chance,
add_stats,1,2,0.05,
element_end
element_start,beastmen_hatchet,ActorDataEffects
target_effects,destroy_1_positive_token,gen_debuff_blight_res_10pct_e,add_1_weak,
element_end
element_start,signal_flare_1,ActorDataSkill
m_IsFriendly,True,
m_IsFriendlySelfTargetValid,True,
launch_ranks,1,2,3,4,
m_IsMultiHit,False,
m_Cooldown,1,
m_IsFreeAction,False,
m_AllConditionIds,hero_party_has_less_than_4_allies_hidden,is_not_dungeon_hidden,is_not_kingdomboss_hidden,
m_AverageRankIgnored,True,
m_Tags,signal_flare_1,combat_item,
m_IsStallInvalidating,False,
element_end
element_start,signal_flare_1,ActorDataEffects
performer_after_target_apply_limit_effects,signal_flare_summon_melee_a,signal_flare_summon_melee_a,signal_flare_summon_melee_a,signal_flare_summon_melee_a,signal_flare_summon_ranged_a,signal_flare_summon_ranged_a,signal_flare_summon_ranged_a,signal_flare_summon_ranged_a,
performer_after_target_apply_limit,4,
friendly_team_effects,clear_corpse_hidden,
element_end
element_start,signal_flare_2,ActorDataSkill
m_IsFriendly,True,
m_IsFriendlySelfTargetValid,True,
launch_ranks,1,2,3,4,
m_IsMultiHit,False,
m_Cooldown,1,
m_IsFreeAction,False,
m_AllConditionIds,hero_party_has_less_than_4_allies_hidden,is_not_dungeon_hidden,is_not_kingdomboss_hidden,
m_AverageRankIgnored,True,
m_Tags,signal_flare_2,combat_item,
m_IsStallInvalidating,False,
element_end
element_start,signal_flare_2,ActorDataEffects
performer_after_target_apply_limit_effects,signal_flare_summon_melee_b,signal_flare_summon_melee_b,signal_flare_summon_melee_b,signal_flare_summon_melee_b,signal_flare_summon_ranged_b,signal_flare_summon_ranged_b,signal_flare_summon_ranged_b,signal_flare_summon_ranged_b,
performer_after_target_apply_limit,4,
friendly_team_effects,clear_corpse_hidden,
element_end
element_start,signal_flare_3,ActorDataSkill
m_IsFriendly,True,
m_IsFriendlySelfTargetValid,True,
launch_ranks,1,2,3,4,
m_IsMultiHit,False,
m_Cooldown,1,
m_IsFreeAction,False,
m_AllConditionIds,hero_party_has_less_than_4_allies_hidden,is_not_dungeon_hidden,is_not_kingdomboss_hidden,
m_AverageRankIgnored,True,
m_Tags,signal_flare_3,combat_item,
m_IsStallInvalidating,False,
element_end
element_start,signal_flare_3,ActorDataEffects
performer_after_target_apply_limit_effects,signal_flare_summon_melee_c,signal_flare_summon_melee_c,signal_flare_summon_melee_c,signal_flare_summon_melee_c,signal_flare_summon_ranged_c,signal_flare_summon_ranged_c,signal_flare_summon_ranged_c,signal_flare_summon_ranged_c,
performer_after_target_apply_limit,4,
friendly_team_effects,clear_corpse_hidden,
element_end
element_start,quest_coven_scrying_dust,ActorDataSkill
m_IsFriendly,False,
launch_ranks,1,2,3,4,
target_ranks,1,2,3,4,
m_IsMultiHit,False,
m_Cooldown,1,
m_IsFreeAction,True,
m_AverageRankIgnored,True,
token_ignores,til_ignore_guard,til_ignore_stealth,til_nondamaging_attack,til_ignore_crit,
m_Tags,quest_coven_scrying_dust,combat_item,
m_IsStallInvalidating,False,
element_end
element_start,quest_coven_scrying_dust,ActorDataStats
key_map,
add_stats,
element_end
element_start,quest_coven_scrying_dust,ActorDataEffects
target_effects,remove_all_stealth_hidden,change_actor_size_1_to_coven_dedicant,change_actor_size_2_to_coven_custode,change_actor_size_1_to_coven_hateful_virago,change_actor_size_1_to_coven_dedicant_event,change_actor_size_2_to_coven_custode_event,
element_end
element_start,quest_coven_finger_bomb,ActorDataSkill
m_IsFriendly,False,
launch_ranks,1,2,3,4,
target_ranks,1,2,3,4,
m_IsMultiHit,False,
m_Cooldown,1,
m_IsFreeAction,True,
m_AllConditionIds,target_is_cauldron_hidden,is_combat_kingdom_inn_sieged_hidden,
m_AverageRankIgnored,True,
m_IsForced,True,
m_IsBlockPass,True,
token_ignores,til_unavoidable,til_ignore_dodge,til_ignore_stealth,til_nondamaging_attack,til_ignore_crit,til_ignore_taunt,til_ignore_blind,
m_Tags,quest_coven_finger_bomb,combat_item,
m_IsStallInvalidating,False,
element_end
element_start,quest_coven_finger_bomb,ActorDataStats
key_map,
add_stats,
element_end
element_start,quest_coven_finger_bomb,ActorDataEffects
target_effects,instant_kill_hidden,
performer_effects,add_coven_quest_quirk,quest_coven_use_finger_bomb_effect,
target_team_others_effects,dot_very_large_burn_nr_hidden,
element_end
element_start,coven_mandrake_root,ActorDataSkill
m_IsFriendly,False,
launch_ranks,1,2,3,4,
target_ranks,1,2,3,4,
m_IsMultiHit,False,
m_Cooldown,1,
m_IsFreeAction,True,
m_AverageRankIgnored,True,
token_ignores,til_nondamaging_attack,
m_Tags,coven_mandrake_root,combat_item,
m_IsStallInvalidating,False,
element_end
element_start,coven_mandrake_root,ActorDataStats
key_map,
add_stats,
element_end
element_start,coven_mandrake_root,ActorDataEffects
target_effects,add_1_stun,
performer_effects,add_1_stun,
element_end
element_start,coven_mushroom_item,ActorDataSkill
m_IsFriendly,False,
launch_ranks,1,2,3,4,
target_ranks,1,2,3,4,
m_IsMultiHit,True,
m_Cooldown,1,
m_IsFreeAction,True,
m_AverageRankIgnored,True,
token_ignores,til_unavoidable,til_ignore_dodge,til_nondamaging_attack,til_ignore_crit,
m_Tags,coven_mushroom_item,combat_item,
m_IsStallInvalidating,False,
element_end
element_start,coven_mushroom_item,ActorDataStats
key_map,
add_stats,
element_end
element_start,coven_mushroom_item,ActorDataEffects
target_effects,add_coven_mushroom_item_debuff_e,
element_end
element_start,coven_rook_skull,ActorDataSkill
m_IsFriendly,False,
launch_ranks,1,2,3,4,
target_ranks,1,2,3,4,
m_IsMultiHit,False,
m_Cooldown,1,
m_IsFreeAction,True,
m_AnyConditionIds,target_has_negative_token_hidden,target_has_coven_herbs_token_hidden,
m_CanBeRiposted,True,
m_AverageRankIgnored,True,
token_ignores,til_damaging_combat_item,
m_Tags,coven_rook_skull,combat_item,
target_buffs,trephination_multiple_neg_tokens_enemy,coven_multiple_herb_tokens_enemy,
m_IsStallInvalidating,False,
element_end
element_start,coven_rook_skull,ActorDataStats
key_map,health_damage,health_damage_range,
add_stats,4,0,
element_end
element_start,coven_rook_skull,ActorDataEffects
target_effects,destroy_all_negative_tokens_hidden,remove_all_coven_herbs_hidden,
element_end
element_start,quest_coven_witchbane_dagger_01,ActorDataSkill
m_IsFriendly,False,
launch_ranks,1,2,3,4,
target_ranks,1,2,3,4,
m_IsMultiHit,False,
m_Cooldown,1,
m_IsFreeAction,True,
m_AllConditionIds,target_has_burn_dot_hidden,is_not_combat_kingdom_inn_sieged_hidden,
m_AverageRankIgnored,True,
m_IsForced,True,
m_IsBlockPass,True,
token_ignores,til_unavoidable,til_ignore_dodge,til_ignore_stealth,til_nondamaging_attack,til_dot_bomb,til_ignore_taunt,til_ignore_blind,
m_Tags,quest_coven_witchbane_dagger_01,combat_item,
m_AdditionalDamageValueType,DOT_TAG_TOTAL_HEALTH_DAMAGE_OVER_TIME,
m_AdditionalDamageValueString,burn,
m_AdditionalDamageValueMultiplier,1,
m_AdditionalDamageActorType,TARGET,
m_IsStallInvalidating,False,
element_end
element_start,quest_coven_witchbane_dagger_01,ActorDataStats
key_map,crit_chance,
add_stats,0,
element_end
element_start,quest_coven_witchbane_dagger_01,ActorDataEffects
target_effects,steal_burn_dot_hidden,add_witchbane_dagger_01_combat_loot,
element_end
element_start,quest_coven_witchbane_dagger_02,ActorDataSkill
m_IsFriendly,False,
launch_ranks,1,2,3,4,
target_ranks,1,2,3,4,
m_IsMultiHit,False,
m_Cooldown,1,
m_IsFreeAction,True,
m_AllConditionIds,target_has_blight_dot_hidden,is_not_combat_kingdom_inn_sieged_hidden,
m_AverageRankIgnored,True,
m_IsForced,True,
m_IsBlockPass,True,
token_ignores,til_unavoidable,til_ignore_dodge,til_ignore_stealth,til_nondamaging_attack,til_dot_bomb,til_ignore_taunt,til_ignore_blind,
m_Tags,quest_coven_witchbane_dagger_02,combat_item,
m_AdditionalDamageValueType,DOT_TAG_TOTAL_HEALTH_DAMAGE_OVER_TIME,
m_AdditionalDamageValueString,blight,
m_AdditionalDamageValueMultiplier,1,
m_AdditionalDamageActorType,TARGET,
m_IsStallInvalidating,False,
element_end
element_start,quest_coven_witchbane_dagger_02,ActorDataStats
key_map,crit_chance,
add_stats,0,
element_end
element_start,quest_coven_witchbane_dagger_02,ActorDataEffects
target_effects,steal_blight_dot_hidden,add_witchbane_dagger_02_combat_loot,
element_end
element_start,quest_coven_witchbane_dagger_03,ActorDataSkill
m_IsFriendly,False,
launch_ranks,1,2,3,4,
target_ranks,1,2,3,4,
m_IsMultiHit,False,
m_Cooldown,1,
m_IsFreeAction,True,
m_AllConditionIds,target_has_bleed_dot_hidden,is_not_combat_kingdom_inn_sieged_hidden,
m_AverageRankIgnored,True,
m_IsForced,True,
m_IsBlockPass,True,
token_ignores,til_unavoidable,til_ignore_dodge,til_ignore_stealth,til_nondamaging_attack,til_dot_bomb,til_ignore_taunt,til_ignore_blind,
m_Tags,quest_coven_witchbane_dagger_03,combat_item,
m_AdditionalDamageValueType,DOT_TAG_TOTAL_HEALTH_DAMAGE_OVER_TIME,
m_AdditionalDamageValueString,bleed,
m_AdditionalDamageValueMultiplier,1,
m_AdditionalDamageActorType,TARGET,
m_IsStallInvalidating,False,
element_end
element_start,quest_coven_witchbane_dagger_03,ActorDataStats
key_map,crit_chance,
add_stats,0,
element_end
element_start,quest_coven_witchbane_dagger_03,ActorDataEffects
target_effects,steal_bleed_dot_hidden,add_witchbane_dagger_03_combat_loot,
element_end
element_start,quest_coven_witchbane_dagger_04,ActorDataSkill
m_IsFriendly,False,
launch_ranks,1,2,3,4,
target_ranks,1,2,3,4,
m_IsMultiHit,False,
m_Cooldown,1,
m_IsFreeAction,True,
m_AllConditionIds,target_is_coven_hidden,
m_AverageRankIgnored,True,
m_IsForced,True,
m_IsBlockPass,True,
token_ignores,til_unavoidable,til_ignore_dodge,til_ignore_stealth,til_nondamaging_attack,til_ignore_crit,til_ignore_taunt,til_ignore_blind,
m_Tags,quest_coven_witchbane_dagger_04,combat_item,
m_IsStallInvalidating,False,
element_end
element_start,quest_coven_witchbane_dagger_04,ActorDataStats
key_map,crit_chance,
add_stats,0,
element_end
element_start,quest_coven_witchbane_dagger_04,ActorDataEffects
target_effects,remove_mothers_familiar_token,add_random_negative_token_witchbane,
element_end
element_start,courtier_proboscis,ActorDataSkill
m_IsFriendly,False,
launch_ranks,1,2,3,4,
target_ranks,1,2,3,4,
m_IsMultiHit,False,
m_Cooldown,1,
m_IsFreeAction,True,
m_AverageRankIgnored,True,
token_ignores,til_nondamaging_attack,
m_Tags,courtier_proboscis,combat_item,
m_IsStallInvalidating,False,
element_end
element_start,courtier_proboscis,ActorDataStats
key_map,crit_chance,
add_stats,0,
element_end
element_start,courtier_proboscis,ActorDataEffects
on_hit_as_performer_to_target_effects,health_damage_4,skill_dot_very_small_bleed,
on_hit_as_performer_to_performer_effects,heal_amount_4,
element_end
element_start,courtier_wing,ActorDataSkill
m_IsFriendly,True,
m_IsFriendlySelfTargetValid,True,
launch_ranks,1,2,3,4,
target_ranks,1,2,3,4,
m_IsMultiHit,False,
m_Cooldown,1,
m_IsFreeAction,True,
m_AverageRankIgnored,True,
m_Tags,courtier_wing,combat_item,
m_IsStallInvalidating,False,
element_end
element_start,courtier_wing,ActorDataEffects
target_effects,add_2_dodge,add_courtier_wing_item_buff,
element_end
