element_start,kingdom_hero_upgrade,Cost
m_RunValueType,hero_upgrade_points,
m_RunValue,1,
element_end
element_start,kingdom_hero_upgrade_1,Unlock
m_CostId,kingdom_hero_upgrade,
element_end
element_start,kingdom_hero_upgrade_2,Unlock
m_CostId,kingdom_hero_upgrade,
m_RequirementIds,kingdom_hero_upgrade_1,
element_end
element_start,kingdom_hero_upgrade_3,Unlock
m_CostId,kingdom_hero_upgrade,
m_RequirementIds,kingdom_hero_upgrade_2,
element_end
element_start,kingdom_hero_upgrade_4,Unlock
m_CostId,kingdom_hero_upgrade,
m_RequirementIds,kingdom_hero_upgrade_3,
element_end
element_start,kingdom_hero_upgrade_5,Unlock
m_CostId,kingdom_hero_upgrade,
m_RequirementIds,kingdom_hero_upgrade_4,
element_end
element_start,highwayman,ActorDataExternalBuffs
buffs,hwm_kingdoms_buff_1,hwm_kingdoms_buff_2,hwm_kingdoms_buff_3,hwm_kingdoms_buff_4,hwm_kingdoms_buff_5,
element_end
element_start,highwayman,ActorDataEffects
respawn_effects,respawn_add_quirk,respawn_remove_unlock,temp_kingdom_roster_buff,
element_end
element_start,grave_robber,ActorDataExternalBuffs
buffs,gr_kingdoms_buff_1,gr_kingdoms_buff_2,gr_kingdoms_buff_3,gr_kingdoms_buff_4,gr_kingdoms_buff_5,
element_end
element_start,grave_robber,ActorDataEffects
respawn_effects,respawn_add_quirk,respawn_remove_unlock,temp_kingdom_roster_buff,
element_end
element_start,hellion,ActorDataExternalBuffs
buffs,hel_kingdoms_buff_1,hel_kingdoms_buff_2,hel_kingdoms_buff_3,hel_kingdoms_buff_4,hel_kingdoms_buff_5,
element_end
element_start,hellion,ActorDataEffects
respawn_effects,respawn_add_quirk,respawn_remove_unlock,temp_kingdom_roster_buff,
element_end
element_start,jester,ActorDataExternalBuffs
buffs,jes_kingdoms_buff_1,jes_kingdoms_buff_2,jes_kingdoms_buff_3,jes_kingdoms_buff_4,jes_kingdoms_buff_5,
element_end
element_start,jester,ActorDataEffects
respawn_effects,respawn_add_quirk,respawn_remove_unlock,temp_kingdom_roster_buff,
element_end
element_start,leper,ActorDataExternalBuffs
buffs,lep_kingdoms_buff_1,lep_kingdoms_buff_2,lep_kingdoms_buff_3,lep_kingdoms_buff_4,lep_kingdoms_buff_5,
element_end
element_start,leper,ActorDataEffects
respawn_effects,respawn_add_quirk,respawn_remove_unlock,temp_kingdom_roster_buff,
element_end
element_start,man_at_arms,ActorDataExternalBuffs
buffs,maa_kingdoms_buff_1,maa_kingdoms_buff_2,maa_kingdoms_buff_3,maa_kingdoms_buff_4,maa_kingdoms_buff_5,
element_end
element_start,man_at_arms,ActorDataEffects
respawn_effects,respawn_add_quirk,respawn_remove_unlock,temp_kingdom_roster_buff,
element_end
element_start,occultist,ActorDataExternalBuffs
buffs,occ_kingdoms_buff_1,occ_kingdoms_buff_2,occ_kingdoms_buff_3,occ_kingdoms_buff_4,occ_kingdoms_buff_5,
element_end
element_start,occultist,ActorDataEffects
respawn_effects,respawn_add_quirk,respawn_remove_unlock,temp_kingdom_roster_buff,
element_end
element_start,plague_doctor,ActorDataExternalBuffs
buffs,pd_kingdoms_buff_1,pd_kingdoms_buff_2,pd_kingdoms_buff_3,pd_kingdoms_buff_4,pd_kingdoms_buff_5,
element_end
element_start,plague_doctor,ActorDataEffects
respawn_effects,respawn_add_quirk,respawn_remove_unlock,temp_kingdom_roster_buff,
element_end
element_start,runaway,ActorDataExternalBuffs
buffs,run_kingdoms_buff_1,run_kingdoms_buff_2,run_kingdoms_buff_3,run_kingdoms_buff_4,run_kingdoms_buff_5,
element_end
element_start,runaway,ActorDataEffects
respawn_effects,respawn_add_quirk,respawn_remove_unlock,temp_kingdom_roster_buff,
element_end
element_start,vestal,ActorDataExternalBuffs
buffs,ves_kingdoms_buff_1,ves_kingdoms_buff_2,ves_kingdoms_buff_3,ves_kingdoms_buff_4,ves_kingdoms_buff_5,
element_end
element_start,vestal,ActorDataEffects
respawn_effects,respawn_add_quirk,respawn_remove_unlock,temp_kingdom_roster_buff,
element_end
element_start,flagellant,ActorDataExternalBuffs
buffs,flg_kingdoms_buff_1,flg_kingdoms_buff_2,flg_kingdoms_buff_3,flg_kingdoms_buff_4,flg_kingdoms_buff_5,
element_end
element_start,flagellant,ActorDataEffects
respawn_effects,respawn_add_quirk,respawn_remove_unlock,temp_kingdom_roster_buff,
element_end
element_start,hwm_kingdoms_buff_1,Buff
m_DurationType,infinite,
m_UnlockId,kingdom_hero_upgrade_1,
m_Tags,character_sheet_condition,
element_end
element_start,hwm_kingdoms_buff_1,ActorDataStats
sub_stat,resistance,death,0.05,
sub_stat,resistance,disease,0.1,
sub_stat,resistance,stun,0.1,
add_stat,wound_percent_max,-0.1,
element_end
element_start,hwm_kingdoms_buff_2,Buff
m_DurationType,infinite,
m_UnlockId,kingdom_hero_upgrade_2,
m_Tags,character_sheet_condition,
element_end
element_start,hwm_kingdoms_buff_2,ActorDataStats
key_map,speed,
add_stats,2,
element_end
element_start,hwm_kingdoms_buff_3,Buff
m_DurationType,infinite,
m_UnlockId,kingdom_hero_upgrade_3,
m_Tags,character_sheet_condition,
element_end
element_start,hwm_kingdoms_buff_3,ActorDataStats
sub_stat,resistance,death,0.1,
sub_stat,resistance,bleed,0.1,
add_stat,wound_percent_max,-0.05,
element_end
element_start,hwm_kingdoms_buff_4,Buff
m_DurationType,infinite,
m_UnlockId,kingdom_hero_upgrade_4,
m_Tags,character_sheet_condition,
element_end
element_start,hwm_kingdoms_buff_4,ActorDataStats
add_stat,crit_chance,0.03,
element_end
element_start,hwm_kingdoms_buff_5,Buff
m_DurationType,infinite,
m_UnlockId,kingdom_hero_upgrade_5,
m_Tags,character_sheet_condition,
element_end
element_start,hwm_kingdoms_buff_5,ActorDataEffects
on_crit_as_performer_to_performer_effects,add_1_riposte,
element_end
element_start,gr_kingdoms_buff_1,Buff
m_DurationType,infinite,
m_UnlockId,kingdom_hero_upgrade_1,
m_Tags,character_sheet_condition,
element_end
element_start,gr_kingdoms_buff_1,ActorDataStats
sub_stat,resistance,death,0.05,
sub_stat,resistance,blight,0.1,
add_stat,wound_percent_max,-0.1,
element_end
element_start,gr_kingdoms_buff_2,Buff
m_DurationType,infinite,
m_UnlockId,kingdom_hero_upgrade_2,
m_Tags,character_sheet_condition,
element_end
element_start,gr_kingdoms_buff_2,ActorDataStats
key_map,speed,
add_stats,2,
element_end
element_start,gr_kingdoms_buff_3,Buff
m_DurationType,infinite,
m_UnlockId,kingdom_hero_upgrade_3,
m_Tags,character_sheet_condition,
element_end
element_start,gr_kingdoms_buff_3,ActorDataStats
sub_stat,resistance,death,0.1,
add_stat,wound_percent_max,-0.05,
element_end
element_start,gr_kingdoms_buff_4,Buff
m_DurationType,infinite,
m_UnlockId,kingdom_hero_upgrade_4,
m_Tags,character_sheet_condition,
element_end
element_start,gr_kingdoms_buff_4,ActorDataStats
key_map,speed,
add_stats,2,
element_end
element_start,gr_kingdoms_buff_5,Buff
m_DurationType,infinite,
m_UnlockId,kingdom_hero_upgrade_5,
m_Tags,character_sheet_condition,
element_end
element_start,gr_kingdoms_buff_5,ActorDataEffects
on_crit_as_target_to_target_effects,add_2_stealth,
element_end
element_start,hel_kingdoms_buff_1,Buff
m_DurationType,infinite,
m_UnlockId,kingdom_hero_upgrade_1,
m_Tags,character_sheet_condition,
element_end
element_start,hel_kingdoms_buff_1,ActorDataStats
sub_stat,resistance,death,0.2,
add_stat,wound_percent_max,-0.15,
element_end
element_start,hel_kingdoms_buff_2,Buff
m_DurationType,infinite,
m_UnlockId,kingdom_hero_upgrade_2,
m_Tags,character_sheet_condition,
element_end
element_start,hel_kingdoms_buff_2,ActorDataStats
key_map,health_max,
add_stats,4,
element_end
element_start,hel_kingdoms_buff_3,Buff
m_DurationType,infinite,
m_UnlockId,kingdom_hero_upgrade_3,
m_Tags,character_sheet_condition,
element_end
element_start,hel_kingdoms_buff_3,ActorDataStats
sub_stat,resistance,disease,0.2,
add_stat,wound_percent_max,-0.1,
element_end
element_start,hel_kingdoms_buff_4,Buff
m_DurationType,infinite,
m_UnlockId,kingdom_hero_upgrade_4,
m_Tags,character_sheet_condition,
element_end
element_start,hel_kingdoms_buff_4,ActorDataStats
add_stat,health_damage_dealt_percent,0.1,
element_end
element_start,hel_kingdoms_buff_5,Buff
m_DurationType,infinite,
m_UnlockId,kingdom_hero_upgrade_5,
m_Tags,character_sheet_condition,
element_end
element_start,hel_kingdoms_buff_5,ActorDataEffects
turn_start_effects,add_hel_stat_dmg_buff,
element_end
element_start,add_hel_stat_dmg_buff,Effect
m_Chance,1,
buffs,hel_stat_dmg_buff,
all_conditions,performer_health_under_25pct,
element_end
element_start,hel_stat_dmg_buff,Buff
m_DurationType,inn_start,
m_DurationAmount,1,
element_end
element_start,hel_stat_dmg_buff,ActorDataStats
add_stat,health_damage_dealt_percent,0.05,
element_end
element_start,flg_kingdoms_buff_1,Buff
m_DurationType,infinite,
m_UnlockId,kingdom_hero_upgrade_1,
m_Tags,character_sheet_condition,
element_end
element_start,flg_kingdoms_buff_1,ActorDataStats
sub_stat,resistance,death,0.1,
sub_stat,resistance,blight,0.1,
add_stat,wound_percent_max,-0.15,
element_end
element_start,flg_kingdoms_buff_2,Buff
m_DurationType,infinite,
m_UnlockId,kingdom_hero_upgrade_2,
m_Tags,character_sheet_condition,
element_end
element_start,flg_kingdoms_buff_2,ActorDataStats
key_map,health_max,
add_stats,4,
element_end
element_start,flg_kingdoms_buff_3,Buff
m_DurationType,infinite,
m_UnlockId,kingdom_hero_upgrade_3,
m_Tags,character_sheet_condition,
element_end
element_start,flg_kingdoms_buff_3,ActorDataStats
sub_stat,resistance,death,0.1,
add_stat,wound_percent_max,-0.15,
element_end
element_start,flg_kingdoms_buff_4,Buff
m_DurationType,infinite,
m_UnlockId,kingdom_hero_upgrade_4,
m_Tags,character_sheet_condition,
element_end
element_start,flg_kingdoms_buff_4,ActorDataStats
key_map,health_max,
add_stats,4,
element_end
element_start,flg_kingdoms_buff_5,Buff
m_DurationType,infinite,
m_UnlockId,kingdom_hero_upgrade_5,
m_Tags,character_sheet_condition,
element_end
element_start,flg_kingdoms_buff_5,ActorDataEffects
actor_effect_triggers,flg_kingdoms_stat_death_aet,flg_kingdoms_stat_dd_aet,
element_end
element_start,flg_kingdoms_stat_dd_aet,ActorEffectTrigger
m_ActorEffectType,deaths_door_enter,
m_ActorEffectTriggerTargetType,friendly_team,
m_ActorEffectTriggerSourceType,target,
m_IncludeSourceActor,False,
m_ActorCount,4,
effects,heal_25pct,
element_end
element_start,flg_kingdoms_stat_death_aet,ActorEffectTrigger
m_ActorEffectType,death,
m_ActorEffectTriggerTargetType,enemy_team,
m_ActorEffectTriggerSourceType,target,
m_IncludeSourceActor,False,
m_ActorCount,4,
effects,add_1_stun,
element_end
element_start,jes_kingdoms_buff_1,Buff
m_DurationType,infinite,
m_UnlockId,kingdom_hero_upgrade_1,
m_Tags,character_sheet_condition,
element_end
element_start,jes_kingdoms_buff_1,ActorDataStats
sub_stat,resistance,death,0.05,
sub_stat,resistance,debuff,0.1,
add_stat,wound_percent_max,-0.1,
element_end
element_start,jes_kingdoms_buff_2,Buff
m_DurationType,infinite,
m_UnlockId,kingdom_hero_upgrade_2,
m_Tags,character_sheet_condition,
element_end
element_start,jes_kingdoms_buff_2,ActorDataStats
add_stat,crit_chance,0.03,
element_end
element_start,jes_kingdoms_buff_3,Buff
m_DurationType,infinite,
m_UnlockId,kingdom_hero_upgrade_3,
m_Tags,character_sheet_condition,
element_end
element_start,jes_kingdoms_buff_3,ActorDataStats
sub_stat,resistance,death,0.1,
sub_stat,resistance,burn,0.1,
add_stat,wound_percent_max,-0.05,
element_end
element_start,jes_kingdoms_buff_4,Buff
m_DurationType,infinite,
m_UnlockId,kingdom_hero_upgrade_4,
m_Tags,character_sheet_condition,
element_end
element_start,jes_kingdoms_buff_4,ActorDataStats
key_map,speed,
add_stats,2,
element_end
element_start,jes_kingdoms_buff_5,Buff
m_DurationType,infinite,
m_UnlockId,kingdom_hero_upgrade_5,
m_Tags,character_sheet_condition,
element_end
element_start,jes_kingdoms_buff_5,ActorDataEffects
actor_effect_triggers,jes_kingdoms_stat_crit_aet,
element_end
element_start,jes_kingdoms_stat_crit_aet,ActorEffectTrigger
m_ActorEffectType,on_crit_as_performer_to_performer,
m_ActorEffectTriggerTargetType,friendly_team,
m_ActorEffectTriggerSourceType,target,
m_IncludeSourceActor,False,
m_ActorCount,1,
effects,stress_heal_1,
element_end
element_start,lep_kingdoms_buff_1,Buff
m_DurationType,infinite,
m_UnlockId,kingdom_hero_upgrade_1,
m_Tags,character_sheet_condition,
element_end
element_start,lep_kingdoms_buff_1,ActorDataStats
sub_stat,resistance,death,0.05,
sub_stat,resistance,move,0.2,
add_stat,wound_percent_max,-0.1,
element_end
element_start,lep_kingdoms_buff_2,Buff
m_DurationType,infinite,
m_UnlockId,kingdom_hero_upgrade_2,
m_Tags,character_sheet_condition,
element_end
element_start,lep_kingdoms_buff_2,ActorDataStats
key_map,health_max,
add_stats,4,
element_end
element_start,lep_kingdoms_buff_3,Buff
m_DurationType,infinite,
m_UnlockId,kingdom_hero_upgrade_3,
m_Tags,character_sheet_condition,
element_end
element_start,lep_kingdoms_buff_3,ActorDataStats
sub_stat,resistance,death,0.1,
sub_stat,resistance,debuff,0.1,
add_stat,wound_percent_max,-0.1,
element_end
element_start,lep_kingdoms_buff_4,Buff
m_DurationType,infinite,
m_UnlockId,kingdom_hero_upgrade_4,
m_Tags,character_sheet_condition,
element_end
element_start,lep_kingdoms_buff_4,ActorDataStats
key_map,health_max,
add_stats,4,
element_end
element_start,lep_kingdoms_buff_5,Buff
m_DurationType,infinite,
m_ConditionId,performer_has_blind_token,
m_UnlockId,kingdom_hero_upgrade_5,
m_Tags,character_sheet_condition,
element_end
element_start,lep_kingdoms_buff_5,ActorDataStats
add_stat,crit_chance,0.33,
element_end
element_start,maa_kingdoms_buff_1,Buff
m_DurationType,infinite,
m_UnlockId,kingdom_hero_upgrade_1,
m_Tags,character_sheet_condition,
element_end
element_start,maa_kingdoms_buff_1,ActorDataStats
sub_stat,resistance,death,0.1,
sub_stat,resistance,stun,0.2,
add_stat,wound_percent_max,-0.1,
element_end
element_start,maa_kingdoms_buff_2,Buff
m_DurationType,infinite,
m_UnlockId,kingdom_hero_upgrade_2,
m_Tags,character_sheet_condition,
element_end
element_start,maa_kingdoms_buff_2,ActorDataStats
key_map,health_max,
add_stats,4,
element_end
element_start,maa_kingdoms_buff_3,Buff
m_DurationType,infinite,
m_UnlockId,kingdom_hero_upgrade_3,
m_Tags,character_sheet_condition,
element_end
element_start,maa_kingdoms_buff_3,ActorDataStats
sub_stat,resistance,death,0.1,
sub_stat,resistance,move,0.2,
add_stat,wound_percent_max,-0.1,
element_end
element_start,maa_kingdoms_buff_4,Buff
m_DurationType,infinite,
m_UnlockId,kingdom_hero_upgrade_4,
m_Tags,character_sheet_condition,
element_end
element_start,maa_kingdoms_buff_4,ActorDataStats
key_map,health_max,
add_stats,4,
element_end
element_start,maa_kingdoms_buff_5,Buff
m_DurationType,infinite,
m_ConditionId,target_has_ally_tag_not_self,
m_UnlockId,kingdom_hero_upgrade_5,
m_Tags,character_sheet_condition,
element_end
element_start,maa_kingdoms_buff_5,ActorDataEffects
target_effects,remove_all_weak,
element_end
element_start,occ_kingdoms_buff_1,Buff
m_DurationType,infinite,
m_UnlockId,kingdom_hero_upgrade_1,
m_Tags,character_sheet_condition,
element_end
element_start,occ_kingdoms_buff_1,ActorDataStats
sub_stat,resistance,death,0.05,
sub_stat,resistance,burn,0.1,
add_stat,wound_percent_max,-0.1,
element_end
element_start,occ_kingdoms_buff_2,Buff
m_DurationType,infinite,
m_UnlockId,kingdom_hero_upgrade_2,
m_Tags,character_sheet_condition,
element_end
element_start,occ_kingdoms_buff_2,ActorDataStats
sub_stat,resistance_ignore,debuff,0.2,
element_end
element_start,occ_kingdoms_buff_3,Buff
m_DurationType,infinite,
m_UnlockId,kingdom_hero_upgrade_3,
m_Tags,character_sheet_condition,
element_end
element_start,occ_kingdoms_buff_3,ActorDataStats
sub_stat,resistance,death,0.1,
sub_stat,resistance,debuff,0.1,
add_stat,wound_percent_max,-0.1,
element_end
element_start,occ_kingdoms_buff_4,Buff
m_DurationType,infinite,
m_UnlockId,kingdom_hero_upgrade_4,
m_Tags,character_sheet_condition,
element_end
element_start,occ_kingdoms_buff_4,ActorDataStats
sub_stat,health_heal_dealt_percent,skill,0.1,
element_end
element_start,occ_kingdoms_buff_5,Buff
m_DurationType,infinite,
m_UnlockId,kingdom_hero_upgrade_5,
m_Tags,character_sheet_condition,
element_end
element_start,occ_kingdoms_buff_5,ActorDataEffects
turn_start_effects,add_1_unchecked_power_occ_hero_upgrade,add_1_unchecked_power_occ_p1_hero_upgrade,add_1_unchecked_power_occ_p2_hero_upgrade,add_1_unchecked_power_occ_p3_hero_upgrade,
element_end
element_start,add_1_unchecked_power_occ_hero_upgrade,Effect
m_Chance,0.5,
m_TokenAddId,unchecked_power,
m_TokenAddAmount,1,
m_ShowValue,False,
all_conditions,performer_is_path_occ_wanderer,performer_has_burn_dot,
element_end
element_start,add_1_unchecked_power_occ_p1_hero_upgrade,Effect
m_Chance,0.5,
m_TokenAddId,unchecked_power_p1,
m_TokenAddAmount,1,
m_ShowValue,False,
all_conditions,performer_is_path_occ_ritualist,performer_has_burn_dot,
m_IsVisible,False,
element_end
element_start,add_1_unchecked_power_occ_p2_hero_upgrade,Effect
m_Chance,0.5,
m_TokenAddId,unchecked_power_p2,
m_TokenAddAmount,1,
m_ShowValue,False,
all_conditions,performer_is_path_occ_warlock,performer_has_burn_dot,
m_IsVisible,False,
element_end
element_start,add_1_unchecked_power_occ_p3_hero_upgrade,Effect
m_Chance,0.5,
m_TokenAddId,unchecked_power_p3,
m_TokenAddAmount,1,
m_ShowValue,False,
all_conditions,performer_is_path_occ_aspirant,performer_has_burn_dot,
m_IsVisible,False,
element_end
element_start,pd_kingdoms_buff_1,Buff
m_DurationType,infinite,
m_UnlockId,kingdom_hero_upgrade_1,
m_Tags,character_sheet_condition,
element_end
element_start,pd_kingdoms_buff_1,ActorDataStats
sub_stat,resistance,death,0.05,
sub_stat,resistance,burn,0.1,
sub_stat,resistance,disease,0.1,
add_stat,wound_percent_max,-0.1,
element_end
element_start,pd_kingdoms_buff_2,Buff
m_DurationType,infinite,
m_UnlockId,kingdom_hero_upgrade_2,
m_Tags,character_sheet_condition,
element_end
element_start,pd_kingdoms_buff_2,ActorDataStats
sub_stat,health_heal_dealt_percent,skill,0.1,
element_end
element_start,pd_kingdoms_buff_3,Buff
m_DurationType,infinite,
m_UnlockId,kingdom_hero_upgrade_3,
m_Tags,character_sheet_condition,
element_end
element_start,pd_kingdoms_buff_3,ActorDataStats
sub_stat,resistance,death,0.1,
sub_stat,resistance,blight,0.1,
add_stat,wound_percent_max,-0.1,
element_end
element_start,pd_kingdoms_buff_4,Buff
m_DurationType,infinite,
m_UnlockId,kingdom_hero_upgrade_4,
m_Tags,character_sheet_condition,
element_end
element_start,pd_kingdoms_buff_4,ActorDataStats
sub_stat,health_heal_dealt_percent,skill,0.1,
element_end
element_start,pd_kingdoms_buff_5,Buff
m_DurationType,infinite,
m_ConditionId,skill_is_heal,
m_UnlockId,kingdom_hero_upgrade_5,
m_Tags,character_sheet_condition,
element_end
element_start,pd_kingdoms_buff_5,ActorDataEffects
target_effects,add_1_random_pos_trinket_token,
element_end
element_start,run_kingdoms_buff_1,Buff
m_DurationType,infinite,
m_UnlockId,kingdom_hero_upgrade_1,
m_Tags,character_sheet_condition,
element_end
element_start,run_kingdoms_buff_1,ActorDataStats
sub_stat,resistance,death,0.05,
sub_stat,resistance,burn,0.2,
add_stat,wound_percent_max,-0.1,
element_end
element_start,run_kingdoms_buff_2,Buff
m_DurationType,infinite,
m_UnlockId,kingdom_hero_upgrade_2,
m_Tags,character_sheet_condition,
element_end
element_start,run_kingdoms_buff_2,ActorDataStats
add_stat,speed,1,
add_stat,crit_chance,0.02,
element_end
element_start,run_kingdoms_buff_3,Buff
m_DurationType,infinite,
m_UnlockId,kingdom_hero_upgrade_3,
m_Tags,character_sheet_condition,
element_end
element_start,run_kingdoms_buff_3,ActorDataStats
sub_stat,resistance,death,0.1,
add_stat,wound_percent_max,-0.1,
element_end
element_start,run_kingdoms_buff_4,Buff
m_DurationType,infinite,
m_UnlockId,kingdom_hero_upgrade_4,
m_Tags,character_sheet_condition,
element_end
element_start,run_kingdoms_buff_4,ActorDataStats
add_stat,speed,1,
add_stat,crit_chance,0.02,
element_end
element_start,run_kingdoms_buff_5,Buff
m_DurationType,infinite,
m_UnlockId,kingdom_hero_upgrade_5,
m_Tags,character_sheet_condition,
element_end
element_start,run_kingdoms_buff_5,ActorDataEffects
on_hit_as_performer_to_target_effects,add_1_combo_target_has_burn,
element_end
element_start,add_1_combo_target_has_burn,Effect
m_Chance,1,
m_TokenAddId,combo,
m_TokenAddAmount,1,
m_ShowValue,False,
all_conditions,target_has_burn_dot,
element_end
element_start,ves_kingdoms_buff_1,Buff
m_DurationType,infinite,
m_UnlockId,kingdom_hero_upgrade_1,
m_Tags,character_sheet_condition,
element_end
element_start,ves_kingdoms_buff_1,ActorDataStats
sub_stat,resistance,death,0.05,
sub_stat,resistance,stun,0.1,
add_stat,wound_percent_max,-0.1,
element_end
element_start,ves_kingdoms_buff_2,Buff
m_DurationType,infinite,
m_UnlockId,kingdom_hero_upgrade_2,
m_Tags,character_sheet_condition,
element_end
element_start,ves_kingdoms_buff_2,ActorDataStats
sub_stat,health_heal_dealt_percent,skill,0.1,
element_end
element_start,ves_kingdoms_buff_3,Buff
m_DurationType,infinite,
m_UnlockId,kingdom_hero_upgrade_3,
m_Tags,character_sheet_condition,
element_end
element_start,ves_kingdoms_buff_3,ActorDataStats
sub_stat,resistance,death,0.1,
sub_stat,resistance,move,0.1,
sub_stat,resistance,debuff,0.1,
add_stat,wound_percent_max,-0.1,
element_end
element_start,ves_kingdoms_buff_4,Buff
m_DurationType,infinite,
m_UnlockId,kingdom_hero_upgrade_4,
m_Tags,character_sheet_condition,
element_end
element_start,ves_kingdoms_buff_4,ActorDataStats
sub_stat,dot_effect_value_dealt_change,hot,1,
element_end
element_start,ves_kingdoms_buff_5,Buff
m_DurationType,infinite,
m_UnlockId,kingdom_hero_upgrade_5,
m_Tags,character_sheet_condition,
element_end
element_start,ves_kingdoms_buff_5,ActorDataEffects
target_effects,heal_hero_10pct_on_dd,
element_end
element_start,heal_hero_10pct_on_dd,Effect
m_Chance,1,
m_HealthHealPercent,0.1,
m_CritChance,0.05,
m_CritMultiplier,0.5,
all_conditions,target_is_hero_hidden,target_on_deaths_door,
element_end
element_start,target_is_hero_hidden,Condition
m_ConditionType,tag,
m_ConditionActorType,TARGET,
m_ConditionString,hero,
m_ConditionNumber,1,
m_ConditionNumberType,GREATER_THAN_OR_EQUAL,
m_IsVisible,False,
element_end
