element_start,peasant_militia_melee_c_corpse,ActorDataClass
m_Tags,corpse,monster,
m_IsBattleComplete,True,
m_ClearContainerTypes,BuffContainer,TokenContainer,DotContainer,
m_Size,1,
m_IgnoredSkillAttributeTypes,TOKEN_ADD,BUFF_ADD,QUIRK_ADD,
m_IsTickTriggerValid,False,
m_SkillBlockId,corpse,
m_DeathRound,3,
m_TokenViewValid,False,
m_IsEffectsReasonValid,False,
element_end
element_start,peasant_militia_melee_c_corpse,ActorDataStats
key_map,health_max,
add_stats,17,
sub_stat,resistance,stun,0.4,
sub_stat,resistance,blight,0.3,
sub_stat,resistance,bleed,0.3,
sub_stat,resistance,burn,0.3,
sub_stat,resistance,disease,0.1,
sub_stat,resistance,move,0.4,
sub_stat,resistance,debuff,0.1,
element_end
element_start,peasant_militia_melee_c,ActorDataClass
m_Tags,kingdoms_ally,ally,militia_melee,brain_blessing,lungs_blessing,eyes_blessing,arms_blessing,final_blessing,
m_Size,1,
m_IsTickTriggerValid,True,
m_IsStressTriggerValid,True,
m_IsBarkTriggerValid,True,
m_IsStallCounted,True,
m_SpawnLootIds,inn_defense_melee_items_all,
element_end
element_start,peasant_militia_melee_c,ActorDataStats
key_map,health_max,speed,speed_number_of_turns,
add_stats,42,4,1,
sub_stat,resistance,stun,0.4,
sub_stat,resistance,blight,0.3,
sub_stat,resistance,bleed,0.3,
sub_stat,resistance,burn,0.3,
sub_stat,resistance,disease,0.1,
sub_stat,resistance,move,0.4,
sub_stat,resistance,debuff,0.1,
sub_stat,resistance,death,0,
element_end
element_start,peasant_militia_melee_c,ActorDataEffects
turn_skip_effects,stun_temp_resist_buff_e,
actor_effect_triggers,peasant_militia_death_aet,
element_end
element_start,militia_melee_c_attack,ActorDataSkill
m_IsFriendly,False,
launch_ranks,1,2,3,
target_ranks,1,2,
m_IsMultiHit,True,
m_CanBeRiposted,True,
m_AverageRankIgnored,False,
m_ValidActOutTypes,skill_before,skill_after,skill_additional,
m_Tags,melee,militia_melee_c_attack,
m_IsStallInvalidating,True,
element_end
element_start,militia_melee_c_attack,ActorDataStats
key_map,health_damage,health_damage_range,crit_chance,
add_stats,4,4,0.1,
element_end
element_start,militia_melee_c_guard,ActorDataSkill
m_IsFriendly,True,
launch_ranks,1,2,3,4,
target_ranks,1,2,3,4,
m_IsMultiHit,False,
m_Cooldown,1,
m_AllConditionIds,target_is_not_corpse_hidden,
m_AverageRankIgnored,False,
m_Tags,militia_melee_c_guard,
m_IsStallInvalidating,False,
element_end
element_start,militia_melee_c_guard,ActorDataEffects
performer_effects,add_2_block_plus,
target_effects,add_2_guard,
element_end
element_start,militia_melee_c_counter,ActorDataSkill
m_IsFriendly,False,
launch_ranks,1,2,3,4,
target_ranks,1,2,
m_IsMultiHit,False,
m_CanBeRiposted,True,
m_AverageRankIgnored,False,
m_ValidActOutTypes,skill_before,skill_after,skill_additional,
m_Tags,melee,militia_melee_c_counter,
m_IsStallInvalidating,True,
element_end
element_start,militia_melee_c_counter,ActorDataStats
key_map,health_damage,health_damage_range,crit_chance,
add_stats,2,1,0.05,
element_end
element_start,militia_melee_c_counter,ActorDataEffects
target_effects,add_1_daze,prime_combo,
performer_effects,add_2_riposte,
element_end
element_start,militia_melee_c_riposte,ActorDataSkill
m_IsFriendly,False,
launch_ranks,1,2,3,4,
target_ranks,1,2,3,4,
m_IsMultiHit,False,
m_AverageRankIgnored,False,
m_ValidActOutTypes,skill_before,skill_after,skill_additional,
token_ignores,til_standard_riposte,
m_Tags,melee,riposte,militia_melee_c_riposte,
m_IsRiposteDamaging,True,
m_IsStallInvalidating,True,
element_end
element_start,militia_melee_c_riposte,ActorDataStats
key_map,health_damage,health_damage_range,crit_chance,
add_stats,3,2,0.05,
element_end
