element_start,shared_ancestor_statue,ActorDataClass
m_Tags,boss,
m_Size,4,
m_IsTickTriggerValid,True,
m_IsStressTriggerValid,True,
m_ResistAlwaysIds,disease,move,
m_IsStallCounted,True,
element_end
element_start,shared_ancestor_statue,ActorDataStats
key_map,health_max,speed,speed_number_of_turns,
add_stats,225,0,1,
sub_stat,resistance,stun,0.1,
sub_stat,resistance,blight,0.1,
sub_stat,resistance,bleed,0.1,
sub_stat,resistance,burn,0.1,
sub_stat,resistance,disease,2,
sub_stat,resistance,move,2,
sub_stat,resistance,debuff,0.1,
sub_stat,resistance,death,0.05,
element_end
element_start,shared_ancestor_statue,ActorDataEffects
turn_skip_effects,stun_temp_resist_buff_e,
actor_effect_triggers,ancestor_statue_killed_stress_heal_aet,ancestor_statue_crit_loot_aet,
element_end
element_start,ancestor_statue_stress,ActorDataSkill
m_IsFriendly,False,
launch_ranks,1,2,3,4,
target_ranks,1,2,3,4,
m_IsMultiHit,True,
m_CanBeRiposted,True,
m_AverageRankIgnored,False,
m_ValidActOutTypes,skill_before,skill_after,skill_additional,
m_Tags,ancestor_statue_stress,
m_IsStallInvalidating,False,
element_end
element_start,ancestor_statue_stress,ActorDataStats
key_map,
add_stats,
element_end
element_start,ancestor_statue_stress,ActorDataEffects
target_effects,stress_damage_2,
actor_effect_triggers,ancestor_statue_attack_bark_aet,
element_end
